-- phpMyAdmin SQL Dump
-- version 5.2.2
-- https://www.phpmyadmin.net/
--
-- Host: localhost:3306
-- Generation Time: Feb 21, 2026 at 06:45 PM
-- Server version: 10.11.14-MariaDB-cll-lve
-- PHP Version: 8.4.17

SET SQL_MODE = "NO_AUTO_VALUE_ON_ZERO";
START TRANSACTION;
SET time_zone = "+00:00";


/*!40101 SET @OLD_CHARACTER_SET_CLIENT=@@CHARACTER_SET_CLIENT */;
/*!40101 SET @OLD_CHARACTER_SET_RESULTS=@@CHARACTER_SET_RESULTS */;
/*!40101 SET @OLD_COLLATION_CONNECTION=@@COLLATION_CONNECTION */;
/*!40101 SET NAMES utf8mb4 */;

--
-- Database: `earnflow_userdata`
--

-- --------------------------------------------------------

--
-- Table structure for table `admin`
--

CREATE TABLE `admin` (
  `id` int(11) UNSIGNED NOT NULL,
  `email` varchar(255) NOT NULL,
  `password` varchar(255) NOT NULL
) ENGINE=InnoDB DEFAULT CHARSET=utf8mb4 COLLATE=utf8mb4_general_ci;

--
-- Dumping data for table `admin`
--

INSERT INTO `admin` (`id`, `email`, `password`) VALUES
(1, 'admin1@example.com', 'password123'),
(2, 'admin2@example.com', 'adminpass'),
(3, 'admin3@example.com', 'letmein456');

-- --------------------------------------------------------

--
-- Table structure for table `ad_likes`
--

CREATE TABLE `ad_likes` (
  `id` int(11) NOT NULL,
  `user_id` int(11) DEFAULT NULL,
  `ad_id` int(11) DEFAULT NULL,
  `liked_at` datetime DEFAULT current_timestamp(),
  `rewarded` tinyint(1) DEFAULT 0
) ENGINE=InnoDB DEFAULT CHARSET=utf8mb4 COLLATE=utf8mb4_general_ci;

--
-- Dumping data for table `ad_likes`
--

INSERT INTO `ad_likes` (`id`, `user_id`, `ad_id`, `liked_at`, `rewarded`) VALUES
(2, 6, 1, '2025-06-21 20:37:06', 0),
(3, 14, 1, '2025-06-23 12:03:18', 0),
(4, 6, 2, '2025-06-28 17:54:36', 0);

-- --------------------------------------------------------

--
-- Table structure for table `game_history`
--

CREATE TABLE `game_history` (
  `id` int(11) NOT NULL,
  `user_id` int(11) UNSIGNED DEFAULT NULL,
  `bet` int(11) DEFAULT NULL,
  `multiplier` float DEFAULT NULL,
  `win` int(11) DEFAULT NULL,
  `created_at` timestamp NOT NULL DEFAULT current_timestamp()
) ENGINE=InnoDB DEFAULT CHARSET=utf8mb4 COLLATE=utf8mb4_general_ci;

--
-- Dumping data for table `game_history`
--

INSERT INTO `game_history` (`id`, `user_id`, `bet`, `multiplier`, `win`, `created_at`) VALUES
(1, 6, 20, 0, 0, '2025-06-18 14:11:46'),
(2, 6, 10, 10, 100, '2025-06-18 14:12:05'),
(3, 6, 10, 10, 100, '2025-06-18 14:12:13'),
(4, 6, 10, 1, 10, '2025-06-18 14:17:10'),
(5, 6, 20, 1, 20, '2025-06-18 14:17:25'),
(6, 6, 20, 0.5, 10, '2025-06-18 14:17:32'),
(7, 6, 10, 1, 10, '2025-06-18 14:21:13'),
(8, 6, 10, 0, 0, '2025-06-18 14:31:53'),
(9, 6, 10, 0.5, 5, '2025-06-18 15:03:39'),
(10, 6, 100, 0.5, 50, '2025-06-18 15:03:51'),
(11, 6, 10, 1, 10, '2025-06-18 15:18:00'),
(12, 6, 10, 0, 0, '2025-06-18 15:21:21'),
(13, 6, 20, 2, 40, '2025-06-18 15:21:49'),
(14, 6, 100, 0, 0, '2025-06-18 17:34:11'),
(15, 6, 100, 2, 200, '2025-06-18 17:48:50'),
(16, 6, 1000, 5, 5000, '2025-06-18 20:22:50'),
(17, 6, 9000, 0, 0, '2025-06-18 20:23:15'),
(18, 6, 1000, 1, 1000, '2025-06-18 20:49:10'),
(19, 6, 1000, 5, 5000, '2025-06-18 20:49:25'),
(20, 6, 1000, 1, 1000, '2025-06-18 20:49:40'),
(21, 6, 6000, 0, 0, '2025-06-18 20:50:00'),
(22, 6, 20, 1, 20, '2025-06-19 09:48:40'),
(23, 6, 900, 2, 1800, '2025-06-19 10:29:23'),
(24, 6, 1000, 1, 1000, '2025-06-19 10:34:17'),
(25, 6, 1000, 0, 0, '2025-06-19 10:34:32'),
(26, 6, 100, 1, 100, '2025-06-19 12:37:07'),
(27, 6, 100, 1, 100, '2025-06-19 12:37:39'),
(28, 6, 30, 0.5, 15, '2025-06-19 12:38:01'),
(29, 6, 10, 0.5, 5, '2025-06-19 12:39:54'),
(30, 6, 200, 5, 1000, '2025-06-19 12:41:13'),
(31, 6, 19, 1, 19, '2025-06-19 12:50:09'),
(32, 6, 100, 1, 100, '2025-06-19 14:35:40'),
(33, 6, 100, 2, 200, '2025-06-19 14:35:57'),
(34, 6, 20, 0.5, 10, '2025-06-21 17:17:02'),
(35, 6, 400, 0.5, 200, '2025-06-21 17:39:00'),
(36, 6, 400, 5, 2000, '2025-06-21 17:39:44'),
(37, 6, 100, 5, 500, '2025-06-21 17:44:03'),
(38, 6, 1000, 10, 10000, '2025-06-21 18:50:12'),
(39, 6, 10000, 10, 100000, '2025-06-21 18:50:31'),
(40, 6, 10000, 5, 50000, '2025-06-21 19:09:12'),
(41, 6, 40000, 10, 400000, '2025-06-21 19:10:37'),
(42, 6, 500000, 10, 5000000, '2025-06-21 19:12:19'),
(43, 13, 150, 10, 1500, '2025-06-21 19:56:35'),
(44, 6, 5000000, 1, 5000000, '2025-06-22 09:49:48'),
(45, 6, 5000000, 2, 10000000, '2025-06-22 09:50:29'),
(46, 14, 150, 10, 1500, '2025-06-23 09:01:48'),
(47, 6, 9000000, 2, 18000000, '2025-06-23 09:15:39'),
(48, 6, 18000000, 0, 0, '2025-06-23 09:16:02'),
(49, 6, 990000, 0, 0, '2025-06-23 09:16:47'),
(50, 14, 500, 0.5, 250, '2025-06-23 12:15:28'),
(51, 14, 100, 2, 200, '2025-06-23 12:16:43'),
(52, 14, 100, 1, 100, '2025-06-23 12:17:28'),
(53, 14, 100, 0.5, 50, '2025-06-23 12:17:42'),
(54, 14, 100, 0, 0, '2025-06-23 12:17:57'),
(55, 14, 100, 0.5, 50, '2025-06-23 12:18:13'),
(56, 14, 100, 1, 100, '2025-06-23 12:18:28'),
(57, 14, 100, 1, 100, '2025-06-23 12:18:42'),
(58, 14, 100, 10, 1000, '2025-06-23 12:19:04'),
(59, 14, 100, 0.5, 50, '2025-06-23 12:21:35'),
(60, 6, 800, 1, 800, '2025-06-24 14:29:31'),
(61, 6, 80, 0.5, 40, '2025-06-24 14:29:48'),
(62, 6, 800, 0.5, 400, '2025-06-24 15:35:37'),
(63, 6, 100, 0.5, 50, '2025-06-25 16:35:27'),
(64, 6, 100, 0.5, 50, '2025-06-25 16:35:39'),
(65, 6, 200, 0.5, 100, '2025-06-25 16:50:08'),
(66, 6, 20, 1, 20, '2025-06-26 13:29:55'),
(67, 6, 500, 0.5, 250, '2025-06-26 16:18:26'),
(68, 6, 20, 0.5, 10, '2025-06-26 16:53:22'),
(69, 17, 10, 0, 0, '2025-06-28 16:50:31'),
(70, 17, 10, 2, 20, '2025-06-28 16:50:43'),
(71, 17, 10, 1, 10, '2025-06-28 16:50:53'),
(72, 17, 10, 1, 10, '2025-06-28 16:51:00'),
(73, 17, 10, 0, 0, '2025-06-28 16:51:13'),
(74, 17, 10, 1, 10, '2025-06-28 16:51:20'),
(75, 17, 10, 0, 0, '2025-06-28 16:51:29'),
(76, 17, 10, 0, 0, '2025-06-28 16:51:36'),
(77, 17, 10, 0.5, 5, '2025-06-28 16:51:42'),
(78, 17, 10, 0, 0, '2025-06-28 16:52:15'),
(79, 17, 10, 5, 50, '2025-06-28 16:52:53'),
(80, 17, 10, 0, 0, '2025-06-28 16:53:01'),
(81, 17, 10, 0, 0, '2025-06-28 16:53:09'),
(82, 17, 10, 1, 10, '2025-06-28 16:53:17'),
(83, 17, 10, 0, 0, '2025-06-28 16:53:25'),
(84, 17, 10, 0, 0, '2025-06-28 16:53:32'),
(85, 17, 10, 0.5, 5, '2025-06-28 16:53:39'),
(86, 17, 10, 5, 50, '2025-06-28 16:53:46'),
(87, 17, 10, 0, 0, '2025-06-28 16:53:57'),
(88, 17, 10, 0, 0, '2025-06-28 16:54:08'),
(89, 17, 100, 0, 0, '2025-06-28 19:37:44'),
(90, 17, 20, 1, 20, '2025-06-28 19:37:58'),
(91, 17, 20, 0, 0, '2025-06-28 19:38:04'),
(92, 16, 150, 1, 150, '2025-06-28 19:41:21'),
(93, 16, 150, 0, 0, '2025-06-28 19:41:29'),
(94, 6, 90, 0.5, 45, '2025-07-02 14:54:44'),
(95, 16, 20, 1, 20, '2025-07-12 14:52:05'),
(96, 16, 20, 1, 20, '2025-07-12 14:52:15'),
(97, 16, 20, 0.5, 10, '2025-07-12 14:52:21'),
(98, 6, 30, 0.5, 15, '2025-07-31 08:35:19'),
(99, 6, 1000, 2, 2000, '2025-08-18 19:10:57'),
(100, 16, 20, 0.5, 10, '2025-09-27 14:06:51'),
(101, 16, 20, 0.5, 10, '2025-09-27 14:07:07'),
(102, 16, 20, 0, 0, '2025-09-27 14:07:14'),
(103, 16, 20, 0, 0, '2025-09-27 14:07:23'),
(104, 16, 20, 1, 20, '2025-09-27 14:07:31'),
(105, 16, 20, 0, 0, '2025-09-27 22:59:53'),
(106, 16, 20, 2, 40, '2025-09-27 23:00:04'),
(107, 16, 20, 2, 40, '2025-09-27 23:00:16'),
(108, 16, 20, 0, 0, '2025-09-27 23:00:27'),
(109, 16, 20, 0, 0, '2025-09-27 23:00:35'),
(110, 16, 20, 0, 0, '2025-09-27 23:00:43'),
(111, 16, 20, 2, 40, '2025-09-27 23:00:55'),
(112, 16, 20, 1, 20, '2025-09-27 23:01:03'),
(113, 16, 20, 0, 0, '2025-09-27 23:01:11'),
(114, 16, 20, 2, 40, '2025-09-27 23:01:20'),
(115, 16, 20, 2, 40, '2025-09-27 23:01:28'),
(116, 16, 20, 0.5, 10, '2025-09-27 23:01:36'),
(117, 16, 20, 0.5, 10, '2025-09-27 23:01:44'),
(118, 16, 20, 0, 0, '2025-09-27 23:01:51'),
(119, 16, 20, 0, 0, '2025-10-06 11:12:57'),
(120, 16, 20, 2, 40, '2025-10-06 11:13:04'),
(121, 16, 20, 0.5, 10, '2025-10-06 11:13:11'),
(122, 16, 20, 1, 20, '2025-10-06 11:13:19'),
(123, 16, 20, 0, 0, '2025-10-06 11:13:25'),
(124, 16, 20, 2, 40, '2025-10-06 11:13:32'),
(125, 16, 20, 2, 40, '2025-10-06 11:13:38'),
(126, 16, 20, 0, 0, '2025-10-06 11:13:46'),
(127, 16, 20, 1, 20, '2025-10-06 11:13:52'),
(128, 16, 20, 1, 20, '2025-10-06 11:13:59'),
(129, 16, 20, 1, 20, '2025-10-06 11:14:05'),
(130, 16, 20, 2, 40, '2025-10-06 11:14:11'),
(131, 16, 20, 0, 0, '2025-10-06 11:14:18'),
(132, 16, 20, 0.5, 10, '2025-10-06 11:14:25'),
(133, 16, 20, 0.5, 10, '2025-10-06 11:14:31'),
(134, 16, 20, 0, 0, '2025-10-06 11:14:38'),
(135, 16, 20, 0.5, 10, '2025-10-06 11:14:45'),
(136, 16, 20, 1, 20, '2025-10-06 11:14:51'),
(137, 16, 20, 0, 0, '2025-10-06 11:14:58'),
(138, 16, 20, 0.5, 10, '2025-10-06 11:15:04'),
(139, 16, 20, 5, 100, '2025-10-06 11:15:10'),
(140, 16, 20, 0.5, 10, '2025-10-06 11:15:18'),
(141, 16, 20, 0.5, 10, '2025-10-06 11:15:25'),
(142, 16, 20, 0.5, 10, '2025-10-06 11:15:32'),
(143, 16, 20, 2, 40, '2025-10-06 11:15:39'),
(144, 16, 20, 0.5, 10, '2025-10-06 11:15:45'),
(145, 16, 20, 0, 0, '2025-10-06 11:15:52'),
(146, 16, 20, 0.5, 10, '2025-10-10 14:21:53'),
(147, 16, 20, 0, 0, '2025-10-10 14:22:00'),
(148, 16, 20, 0.5, 10, '2025-10-10 14:22:06'),
(149, 16, 20, 1, 20, '2025-10-10 14:22:12'),
(150, 16, 20, 0, 0, '2025-10-10 14:22:18'),
(151, 16, 20, 0, 0, '2025-10-10 14:22:24'),
(152, 16, 20, 2, 40, '2025-10-10 14:22:30'),
(153, 16, 20, 1, 20, '2025-10-10 14:22:36'),
(154, 16, 20, 0, 0, '2025-10-10 14:22:42'),
(155, 16, 20, 0.5, 10, '2025-10-10 14:22:48'),
(156, 16, 20, 0, 0, '2025-10-10 14:22:55'),
(157, 16, 20, 0, 0, '2025-10-10 14:23:04'),
(158, 16, 20, 0.5, 10, '2025-10-10 14:23:11'),
(159, 16, 20, 5, 100, '2025-10-10 14:23:17'),
(160, 16, 20, 1, 20, '2025-10-10 14:23:29'),
(161, 16, 20, 1, 20, '2025-10-10 14:23:36'),
(162, 16, 20, 0, 0, '2025-10-10 14:23:45'),
(163, 16, 20, 0.5, 10, '2025-10-10 14:23:52'),
(164, 16, 20, 1, 20, '2025-10-10 14:23:58'),
(165, 16, 20, 0, 0, '2025-10-10 14:24:05'),
(166, 16, 20, 1, 20, '2025-10-10 14:24:13'),
(167, 16, 20, 1, 20, '2025-10-10 14:24:19'),
(168, 16, 20, 1, 20, '2025-10-10 14:24:26'),
(169, 16, 20, 0, 0, '2025-10-10 14:24:33'),
(170, 16, 20, 5, 100, '2025-10-10 14:24:40'),
(171, 16, 20, 0, 0, '2025-10-28 19:34:19'),
(172, 16, 20, 0.5, 10, '2025-10-28 19:34:27'),
(173, 16, 20, 1, 20, '2025-10-28 19:34:47'),
(174, 16, 20, 0, 0, '2025-10-28 19:35:10'),
(175, 16, 20, 2, 40, '2025-10-28 19:35:17'),
(176, 16, 20, 2, 40, '2025-11-23 07:54:30'),
(177, 16, 20, 0.5, 10, '2025-11-23 07:54:38'),
(178, 16, 20, 0, 0, '2025-11-23 07:54:45'),
(179, 16, 20, 1, 20, '2025-11-23 07:54:52'),
(180, 16, 20, 0, 0, '2025-11-23 07:54:58'),
(181, 16, 20, 1, 20, '2025-11-23 07:55:04'),
(182, 16, 20, 0, 0, '2025-11-23 07:55:10'),
(183, 16, 20, 0.5, 10, '2025-11-23 07:55:17'),
(184, 16, 20, 0, 0, '2025-11-23 07:55:23'),
(185, 16, 20, 0, 0, '2025-11-23 07:55:29'),
(186, 16, 20, 1, 20, '2025-11-23 07:55:35'),
(187, 16, 20, 0, 0, '2025-11-23 07:55:42'),
(188, 16, 20, 0.5, 10, '2025-11-23 07:55:49'),
(189, 16, 20, 0.5, 10, '2025-11-23 07:55:56'),
(190, 16, 20, 0.5, 10, '2025-11-23 07:56:08'),
(191, 16, 20, 2, 40, '2025-11-23 07:56:14'),
(192, 16, 20, 0, 0, '2025-11-23 07:56:21'),
(193, 16, 20, 0, 0, '2025-11-23 07:56:27'),
(194, 16, 20, 2, 40, '2025-11-23 07:56:34'),
(195, 16, 20, 1, 20, '2025-11-23 07:56:40'),
(196, 16, 20, 1, 20, '2025-11-23 07:56:48'),
(197, 16, 20, 5, 100, '2025-11-23 07:56:55'),
(198, 16, 20, 1, 20, '2025-11-23 07:57:08'),
(199, 16, 20, 0.5, 10, '2025-11-23 07:57:15'),
(200, 16, 20, 0.5, 10, '2025-11-23 07:57:23'),
(201, 16, 20, 0.5, 10, '2025-11-23 07:57:30'),
(202, 16, 20, 0, 0, '2025-11-23 07:57:36'),
(203, 16, 20, 1, 20, '2025-11-23 07:57:42'),
(204, 16, 20, 0.5, 10, '2025-11-23 07:57:48'),
(205, 16, 20, 0.5, 10, '2025-11-23 07:57:55'),
(206, 16, 20, 2, 40, '2025-11-23 07:58:01'),
(207, 16, 20, 0.5, 10, '2025-11-23 07:58:07'),
(208, 16, 20, 0, 0, '2025-11-23 07:58:13'),
(209, 16, 20, 5, 100, '2025-11-23 07:58:19'),
(210, 16, 20, 0.5, 10, '2025-11-23 07:58:38'),
(211, 16, 20, 1, 20, '2025-11-23 07:58:45'),
(212, 16, 20, 0.5, 10, '2025-11-23 07:58:51'),
(213, 16, 20, 0, 0, '2025-11-23 07:58:57'),
(214, 16, 20, 1, 20, '2025-11-23 07:59:03'),
(215, 16, 20, 5, 100, '2025-11-23 07:59:10'),
(216, 16, 20, 2, 40, '2025-11-23 07:59:18'),
(217, 16, 20, 0, 0, '2025-11-23 07:59:24'),
(218, 16, 20, 0.5, 10, '2025-11-23 07:59:30'),
(219, 16, 20, 5, 100, '2025-11-23 07:59:37'),
(220, 16, 20, 2, 40, '2025-11-23 07:59:46'),
(221, 16, 20, 0.5, 10, '2025-11-23 07:59:54'),
(222, 16, 20, 2, 40, '2025-11-23 08:00:30'),
(223, 16, 20, 0, 0, '2025-11-23 08:00:37'),
(224, 16, 20, 1, 20, '2025-11-23 08:00:45'),
(225, 16, 20, 10, 200, '2025-11-23 08:00:52'),
(226, 16, 25, 0.5, 13, '2025-11-23 08:01:34'),
(227, 16, 25, 0, 0, '2025-11-23 08:01:43'),
(228, 16, 25, 5, 125, '2025-11-23 08:01:50'),
(229, 16, 25, 1, 25, '2025-11-23 08:01:59'),
(230, 16, 25, 0, 0, '2025-11-23 08:02:05'),
(231, 16, 38, 0.5, 19, '2025-11-23 11:24:07'),
(232, 16, 19, 0.5, 10, '2025-11-23 11:24:25'),
(233, 16, 10, 0, 0, '2025-11-23 11:24:37'),
(234, 16, 100, 0.5, 50, '2025-11-30 08:18:09'),
(235, 16, 100, 0.5, 50, '2025-11-30 08:18:16'),
(236, 16, 100, 0.5, 50, '2025-11-30 08:18:22'),
(237, 16, 100, 0.5, 50, '2025-11-30 08:18:29'),
(238, 16, 100, 1, 100, '2025-11-30 08:18:35'),
(239, 16, 100, 1, 100, '2025-11-30 08:18:42'),
(240, 16, 100, 0.5, 50, '2025-11-30 08:18:49'),
(241, 16, 100, 2, 200, '2025-11-30 08:18:56'),
(242, 16, 100, 2, 200, '2025-11-30 08:19:02'),
(243, 16, 100, 2, 200, '2025-11-30 08:19:09'),
(244, 16, 100, 0, 0, '2025-11-30 08:19:16'),
(245, 16, 100, 0.5, 50, '2025-11-30 08:19:22'),
(246, 16, 100, 0.5, 50, '2025-11-30 08:19:29'),
(247, 16, 100, 0.5, 50, '2025-11-30 08:19:36'),
(248, 16, 100, 5, 500, '2025-11-30 08:19:42'),
(249, 16, 100, 0, 0, '2025-11-30 08:19:49'),
(250, 16, 100, 0, 0, '2025-11-30 08:19:56'),
(251, 16, 100, 2, 200, '2025-11-30 08:20:02'),
(252, 16, 100, 0, 0, '2025-11-30 08:20:09'),
(253, 16, 100, 0.5, 50, '2025-11-30 08:20:15'),
(254, 16, 100, 0, 0, '2025-11-30 08:20:21'),
(255, 16, 100, 2, 200, '2025-11-30 08:20:27'),
(256, 16, 100, 0.5, 50, '2025-11-30 08:20:34'),
(257, 16, 100, 0, 0, '2025-11-30 08:20:40'),
(258, 16, 100, 2, 200, '2025-11-30 08:20:46'),
(259, 16, 100, 5, 500, '2025-11-30 08:20:55'),
(260, 16, 100, 10, 1000, '2025-11-30 08:21:03'),
(261, 16, 100, 0.5, 50, '2025-11-30 08:21:14'),
(262, 16, 100, 0.5, 50, '2025-11-30 08:21:20'),
(263, 16, 100, 2, 200, '2025-11-30 08:21:27'),
(264, 16, 100, 0, 0, '2025-11-30 08:21:33'),
(265, 16, 100, 2, 200, '2025-11-30 08:21:39'),
(266, 16, 100, 1, 100, '2025-11-30 08:21:46'),
(267, 16, 100, 1, 100, '2025-11-30 08:21:52'),
(268, 16, 100, 0.5, 50, '2025-11-30 08:21:58'),
(269, 16, 100, 1, 100, '2025-11-30 08:22:05'),
(270, 16, 100, 5, 500, '2025-11-30 08:22:11'),
(271, 16, 150, 0.5, 75, '2025-11-30 08:22:23'),
(272, 16, 150, 2, 300, '2025-11-30 08:22:29'),
(273, 16, 150, 1, 150, '2025-11-30 08:22:36'),
(274, 16, 150, 0.5, 75, '2025-11-30 08:22:42'),
(275, 16, 150, 0.5, 75, '2025-11-30 08:22:51'),
(276, 16, 150, 0, 0, '2025-11-30 08:22:57'),
(277, 16, 150, 0, 0, '2025-11-30 08:23:04'),
(278, 16, 150, 1, 150, '2025-11-30 08:23:10'),
(279, 16, 150, 0.5, 75, '2025-11-30 08:23:17'),
(280, 16, 150, 5, 750, '2025-11-30 08:23:24'),
(281, 16, 150, 0, 0, '2025-11-30 08:23:32'),
(282, 16, 150, 0.5, 75, '2025-11-30 08:23:38'),
(283, 16, 150, 1, 150, '2025-11-30 08:23:44'),
(284, 16, 150, 0.5, 75, '2025-11-30 08:23:50'),
(285, 16, 150, 0, 0, '2025-11-30 08:23:56'),
(286, 16, 150, 0, 0, '2025-11-30 08:24:03'),
(287, 16, 150, 1, 150, '2025-11-30 08:24:09'),
(288, 16, 150, 2, 300, '2025-11-30 08:24:15'),
(289, 16, 150, 0, 0, '2025-11-30 08:24:22'),
(290, 16, 150, 0, 0, '2025-11-30 08:24:28'),
(291, 16, 150, 0, 0, '2025-11-30 08:24:34'),
(292, 16, 150, 1, 150, '2025-11-30 08:24:40'),
(293, 16, 150, 0.5, 75, '2025-11-30 08:24:46'),
(294, 16, 150, 5, 750, '2025-11-30 08:24:52'),
(295, 16, 150, 5, 750, '2025-11-30 08:24:59'),
(296, 16, 150, 0, 0, '2025-11-30 08:25:06'),
(297, 16, 150, 2, 300, '2025-11-30 08:25:12'),
(298, 16, 150, 0, 0, '2025-11-30 08:25:19'),
(299, 16, 150, 2, 300, '2025-11-30 08:25:25'),
(300, 16, 150, 0.5, 75, '2025-11-30 08:25:31'),
(301, 16, 150, 5, 750, '2025-11-30 08:25:37'),
(302, 16, 150, 0.5, 75, '2025-11-30 08:25:45'),
(303, 16, 150, 1, 150, '2025-11-30 08:25:51'),
(304, 16, 150, 5, 750, '2025-11-30 08:25:58'),
(305, 16, 150, 2, 300, '2025-11-30 08:26:05'),
(306, 16, 150, 0.5, 75, '2025-11-30 08:26:13'),
(307, 16, 150, 5, 750, '2025-11-30 08:26:19'),
(308, 16, 150, 2, 300, '2025-11-30 08:26:26'),
(309, 16, 500, 1, 500, '2025-11-30 08:26:40'),
(310, 16, 500, 2, 1000, '2025-11-30 08:26:46'),
(311, 16, 500, 1, 500, '2025-11-30 08:26:53'),
(312, 16, 500, 1, 500, '2025-11-30 08:26:59'),
(313, 16, 500, 1, 500, '2025-11-30 08:27:05'),
(314, 16, 500, 2, 1000, '2025-11-30 08:27:11'),
(315, 16, 500, 0.5, 250, '2025-11-30 08:27:17'),
(316, 16, 500, 10, 5000, '2025-11-30 08:27:24'),
(317, 16, 500, 0, 0, '2025-11-30 08:27:33'),
(318, 16, 500, 1, 500, '2025-11-30 08:27:39'),
(319, 16, 500, 0.5, 250, '2025-11-30 08:27:46'),
(320, 16, 500, 0.5, 250, '2025-11-30 08:27:52'),
(321, 16, 500, 1, 500, '2025-11-30 08:27:58'),
(322, 16, 500, 0, 0, '2025-11-30 08:28:04'),
(323, 16, 500, 2, 1000, '2025-11-30 08:28:10'),
(324, 16, 500, 2, 1000, '2025-11-30 08:28:16'),
(325, 16, 500, 0.5, 250, '2025-11-30 08:28:23'),
(326, 16, 500, 0.5, 250, '2025-11-30 08:28:29'),
(327, 16, 500, 0.5, 250, '2025-11-30 08:28:35'),
(328, 16, 500, 0, 0, '2025-11-30 08:28:41'),
(329, 16, 500, 0.5, 250, '2025-11-30 08:28:47'),
(330, 16, 500, 0.5, 250, '2025-11-30 08:28:53'),
(331, 16, 500, 0, 0, '2025-11-30 08:29:00'),
(332, 16, 500, 2, 1000, '2025-11-30 08:29:06'),
(333, 16, 500, 0.5, 250, '2025-11-30 08:29:12'),
(334, 16, 500, 0.5, 250, '2025-11-30 08:29:18'),
(335, 16, 500, 0, 0, '2025-11-30 08:29:24'),
(336, 16, 500, 0, 0, '2025-11-30 08:29:30'),
(337, 16, 500, 10, 5000, '2025-11-30 08:29:36'),
(338, 16, 500, 2, 1000, '2025-11-30 08:29:44'),
(339, 16, 500, 1, 500, '2025-11-30 08:30:02'),
(340, 16, 500, 1, 500, '2025-11-30 08:30:08'),
(341, 16, 500, 0.5, 250, '2025-11-30 08:30:14'),
(342, 16, 500, 1, 500, '2025-11-30 08:30:20'),
(343, 16, 500, 0, 0, '2025-11-30 08:30:28'),
(344, 16, 500, 0.5, 250, '2025-11-30 08:30:34'),
(345, 16, 500, 2, 1000, '2025-11-30 08:30:40'),
(346, 16, 500, 2, 1000, '2025-11-30 08:30:46'),
(347, 16, 500, 0.5, 250, '2025-11-30 08:30:52'),
(348, 16, 500, 0, 0, '2025-11-30 08:30:58'),
(349, 16, 500, 1, 500, '2025-11-30 08:31:05'),
(350, 16, 500, 0, 0, '2025-11-30 08:31:13'),
(351, 16, 500, 2, 1000, '2025-11-30 08:31:19'),
(352, 16, 500, 1, 500, '2025-11-30 08:31:25'),
(353, 16, 500, 0, 0, '2025-11-30 08:31:32'),
(354, 16, 500, 1, 500, '2025-11-30 08:31:38'),
(355, 16, 500, 1, 500, '2025-11-30 08:31:44'),
(356, 16, 500, 2, 1000, '2025-11-30 08:31:50'),
(357, 16, 500, 0, 0, '2025-11-30 08:31:57'),
(358, 16, 500, 1, 500, '2025-11-30 08:32:03'),
(359, 16, 500, 0, 0, '2025-11-30 08:32:10'),
(360, 16, 500, 2, 1000, '2025-11-30 08:32:16'),
(361, 16, 500, 1, 500, '2025-11-30 08:32:22'),
(362, 16, 500, 0, 0, '2025-11-30 08:32:28'),
(363, 16, 500, 1, 500, '2025-11-30 08:32:34'),
(364, 16, 500, 1, 500, '2025-11-30 08:32:40'),
(365, 16, 500, 2, 1000, '2025-11-30 08:32:46'),
(366, 16, 500, 2, 1000, '2025-11-30 08:32:52'),
(367, 16, 500, 2, 1000, '2025-11-30 08:32:58'),
(368, 16, 500, 0, 0, '2025-11-30 08:33:04'),
(369, 16, 500, 1, 500, '2025-11-30 08:33:10'),
(370, 16, 500, 0, 0, '2025-11-30 08:33:16'),
(371, 16, 500, 2, 1000, '2025-11-30 08:33:22'),
(372, 16, 500, 1, 500, '2025-11-30 08:33:28'),
(373, 16, 500, 0, 0, '2025-11-30 08:33:35'),
(374, 16, 500, 2, 1000, '2025-11-30 08:33:41'),
(375, 16, 500, 0, 0, '2025-11-30 08:33:47'),
(376, 16, 500, 0, 0, '2025-11-30 08:33:53'),
(377, 16, 500, 0.5, 250, '2025-11-30 08:33:59'),
(378, 16, 500, 0.5, 250, '2025-11-30 08:34:05'),
(379, 16, 500, 0, 0, '2025-11-30 08:34:11'),
(380, 16, 500, 1, 500, '2025-11-30 08:34:17'),
(381, 16, 500, 5, 2500, '2025-11-30 08:34:24'),
(382, 16, 500, 5, 2500, '2025-11-30 08:34:30'),
(383, 16, 500, 0.5, 250, '2025-11-30 08:34:38'),
(384, 16, 500, 1, 500, '2025-11-30 08:34:44'),
(385, 16, 500, 0, 0, '2025-11-30 08:34:50'),
(386, 16, 500, 0.5, 250, '2025-11-30 08:34:58'),
(387, 16, 500, 2, 1000, '2025-11-30 08:35:04'),
(388, 16, 500, 0.5, 250, '2025-11-30 08:35:11'),
(389, 16, 500, 0, 0, '2025-11-30 08:35:17'),
(390, 16, 500, 0, 0, '2025-11-30 08:35:25'),
(391, 16, 500, 1, 500, '2025-11-30 08:35:31'),
(392, 16, 500, 10, 5000, '2025-11-30 08:35:37'),
(393, 16, 500, 1, 500, '2025-11-30 08:35:45'),
(394, 16, 500, 2, 1000, '2025-11-30 08:35:51'),
(395, 16, 500, 2, 1000, '2025-11-30 08:35:58'),
(396, 16, 500, 0.5, 250, '2025-11-30 08:36:07'),
(397, 16, 1000, 0.5, 500, '2025-11-30 08:37:32'),
(398, 16, 1000, 0.5, 500, '2025-11-30 08:37:38'),
(399, 16, 1000, 2, 2000, '2025-11-30 08:37:44'),
(400, 16, 1000, 0, 0, '2025-11-30 08:37:51'),
(401, 16, 1000, 0.5, 500, '2025-11-30 08:37:57'),
(402, 16, 1000, 2, 2000, '2025-11-30 08:38:04'),
(403, 16, 1000, 0, 0, '2025-11-30 08:38:10'),
(404, 16, 1000, 5, 5000, '2025-11-30 08:38:17'),
(405, 16, 1000, 0.5, 500, '2025-11-30 08:38:24'),
(406, 16, 1000, 0, 0, '2025-11-30 08:38:31'),
(407, 16, 1000, 0, 0, '2025-11-30 08:38:37'),
(408, 16, 1000, 2, 2000, '2025-11-30 08:38:44'),
(409, 16, 1000, 1, 1000, '2025-11-30 08:38:50'),
(410, 16, 1000, 0, 0, '2025-11-30 08:38:57'),
(411, 16, 1000, 0.5, 500, '2025-11-30 08:39:03'),
(412, 16, 1000, 0, 0, '2025-11-30 08:39:10'),
(413, 16, 1000, 0.5, 500, '2025-11-30 08:39:16'),
(414, 16, 1000, 0, 0, '2025-11-30 08:39:23'),
(415, 16, 1000, 1, 1000, '2025-11-30 08:39:29'),
(416, 16, 1000, 10, 10000, '2025-11-30 08:39:35'),
(417, 16, 1000, 0.5, 500, '2025-11-30 10:17:54'),
(418, 16, 1000, 0, 0, '2025-11-30 10:18:01'),
(419, 16, 1000, 0.5, 500, '2025-11-30 10:18:07'),
(420, 16, 1000, 1, 1000, '2025-11-30 10:18:15'),
(421, 16, 1000, 0.5, 500, '2025-11-30 10:18:21'),
(422, 16, 1000, 0, 0, '2025-11-30 10:18:28'),
(423, 16, 1000, 5, 5000, '2025-11-30 10:18:36'),
(424, 16, 1000, 0, 0, '2025-11-30 10:18:44'),
(425, 16, 1000, 0.5, 500, '2025-11-30 10:18:51'),
(426, 16, 1000, 0, 0, '2025-11-30 10:19:00'),
(427, 16, 1000, 1, 1000, '2025-11-30 10:19:06'),
(428, 16, 1000, 0.5, 500, '2025-11-30 10:19:12'),
(429, 16, 1000, 0, 0, '2025-11-30 10:19:18'),
(430, 16, 1000, 1, 1000, '2025-11-30 10:19:25'),
(431, 16, 1000, 1, 1000, '2025-11-30 10:19:32'),
(432, 16, 1000, 2, 2000, '2025-11-30 10:19:39'),
(433, 16, 1000, 1, 1000, '2025-11-30 10:19:45'),
(434, 16, 1000, 1, 1000, '2025-11-30 10:19:54'),
(435, 16, 1000, 1, 1000, '2025-11-30 10:20:05'),
(436, 16, 1000, 0, 0, '2025-11-30 10:20:12'),
(437, 16, 1000, 0.5, 500, '2025-11-30 10:20:18'),
(438, 16, 1000, 5, 5000, '2025-11-30 10:20:24'),
(439, 16, 1000, 0, 0, '2025-11-30 10:20:32'),
(440, 16, 1000, 0, 0, '2025-11-30 10:20:38'),
(441, 16, 1000, 1, 1000, '2025-11-30 10:20:45'),
(442, 16, 1000, 0, 0, '2025-11-30 10:20:51'),
(443, 16, 1000, 0, 0, '2025-11-30 10:20:57'),
(444, 16, 1000, 1, 1000, '2025-11-30 10:21:04'),
(445, 16, 1000, 0.5, 500, '2025-11-30 10:21:10'),
(446, 16, 1000, 0, 0, '2025-11-30 10:21:16'),
(447, 16, 1000, 2, 2000, '2025-11-30 10:21:23'),
(448, 16, 1000, 1, 1000, '2025-11-30 10:21:29'),
(449, 16, 1000, 2, 2000, '2025-11-30 10:21:36'),
(450, 16, 1000, 1, 1000, '2025-11-30 10:21:42'),
(451, 16, 1000, 0, 0, '2025-11-30 10:21:48'),
(452, 16, 1000, 1, 1000, '2025-11-30 10:21:54'),
(453, 16, 1000, 0.5, 500, '2025-11-30 10:22:00'),
(454, 16, 1000, 5, 5000, '2025-11-30 10:22:07'),
(455, 16, 1000, 0.5, 500, '2025-11-30 10:23:06'),
(456, 16, 1000, 1, 1000, '2025-11-30 10:23:13'),
(457, 16, 1000, 1, 1000, '2025-11-30 10:23:19'),
(458, 16, 1000, 1, 1000, '2025-11-30 10:23:25'),
(459, 16, 1000, 0.5, 500, '2025-11-30 10:23:31'),
(460, 16, 1000, 0, 0, '2025-11-30 10:23:37'),
(461, 16, 1000, 0, 0, '2025-11-30 10:23:44'),
(462, 16, 1000, 1, 1000, '2025-11-30 10:23:50'),
(463, 16, 1000, 0.5, 500, '2025-11-30 10:23:56'),
(464, 16, 1000, 1, 1000, '2025-11-30 10:24:02'),
(465, 16, 1000, 1, 1000, '2025-11-30 10:24:08'),
(466, 16, 1000, 1, 1000, '2025-11-30 10:24:14'),
(467, 16, 1000, 1, 1000, '2025-11-30 10:24:20'),
(468, 16, 1000, 5, 5000, '2025-11-30 10:24:26'),
(469, 16, 1000, 2, 2000, '2025-11-30 10:24:33'),
(470, 16, 1000, 0.5, 500, '2025-11-30 10:24:40'),
(471, 16, 1000, 1, 1000, '2025-11-30 10:24:46'),
(472, 16, 1000, 2, 2000, '2025-11-30 10:24:52'),
(473, 16, 1000, 0.5, 500, '2025-11-30 15:40:15'),
(474, 16, 1000, 2, 2000, '2025-11-30 15:40:21'),
(475, 16, 1000, 1, 1000, '2025-11-30 15:40:29'),
(476, 16, 1000, 0.5, 500, '2025-11-30 15:40:36'),
(477, 16, 1000, 1, 1000, '2025-11-30 15:40:43'),
(478, 16, 1000, 1, 1000, '2025-11-30 15:40:50'),
(479, 16, 1000, 2, 2000, '2025-11-30 15:40:56'),
(480, 16, 1000, 0.5, 500, '2025-11-30 15:41:03'),
(481, 16, 1000, 0.5, 500, '2025-11-30 15:41:09'),
(482, 16, 1000, 0.5, 500, '2025-11-30 15:41:17'),
(483, 16, 1000, 2, 2000, '2025-11-30 15:41:23'),
(484, 16, 1000, 1, 1000, '2025-11-30 15:41:31'),
(485, 16, 1000, 1, 1000, '2025-11-30 15:41:37'),
(486, 16, 1000, 0.5, 500, '2025-11-30 15:41:45'),
(487, 16, 1000, 0, 0, '2025-11-30 15:41:51'),
(488, 16, 1000, 0.5, 500, '2025-11-30 15:41:57'),
(489, 16, 1000, 1, 1000, '2025-11-30 15:42:03'),
(490, 16, 1000, 1, 1000, '2025-11-30 15:42:09'),
(491, 16, 1000, 1, 1000, '2025-11-30 15:42:18'),
(492, 16, 1000, 1, 1000, '2025-11-30 15:42:25'),
(493, 16, 1000, 1, 1000, '2025-11-30 15:42:31'),
(494, 16, 1000, 0, 0, '2025-11-30 15:42:37'),
(495, 16, 1000, 0.5, 500, '2025-11-30 15:42:43'),
(496, 16, 1000, 1, 1000, '2025-11-30 15:42:49'),
(497, 16, 1000, 0, 0, '2025-11-30 15:42:57'),
(498, 16, 1000, 0.5, 500, '2025-11-30 15:43:04'),
(499, 16, 1000, 0, 0, '2025-11-30 15:43:11'),
(500, 16, 1000, 5, 5000, '2025-11-30 15:43:21'),
(501, 16, 1000, 0, 0, '2025-11-30 15:43:29'),
(502, 16, 1000, 2, 2000, '2025-11-30 15:43:37'),
(503, 16, 1000, 1, 1000, '2025-11-30 15:43:44'),
(504, 16, 1000, 0, 0, '2025-11-30 15:43:50'),
(505, 16, 1000, 1, 1000, '2025-11-30 15:43:57'),
(506, 16, 1000, 2, 2000, '2025-11-30 15:44:08'),
(507, 16, 1000, 2, 2000, '2025-11-30 15:44:16'),
(508, 16, 1000, 0, 0, '2025-11-30 15:44:28'),
(509, 16, 1000, 1, 1000, '2025-11-30 15:44:34'),
(510, 16, 1000, 2, 2000, '2025-11-30 15:44:41'),
(511, 16, 1000, 1, 1000, '2025-11-30 15:44:49'),
(512, 16, 2500, 0.5, 1250, '2025-11-30 18:46:11'),
(513, 16, 2500, 0, 0, '2025-11-30 18:46:39'),
(514, 16, 2500, 0.5, 1250, '2025-11-30 18:46:45'),
(515, 16, 2500, 1, 2500, '2025-11-30 18:46:52'),
(516, 16, 2500, 0, 0, '2025-11-30 18:46:58'),
(517, 16, 2500, 0, 0, '2025-11-30 18:47:04'),
(518, 16, 2500, 2, 5000, '2025-11-30 18:47:13'),
(519, 16, 2500, 0.5, 1250, '2025-11-30 18:47:19'),
(520, 16, 2500, 1, 2500, '2025-11-30 18:47:26'),
(521, 16, 2500, 0, 0, '2025-11-30 18:47:32'),
(522, 16, 2500, 0.5, 1250, '2025-11-30 18:47:38'),
(523, 16, 2500, 0, 0, '2025-11-30 18:47:48'),
(524, 16, 2500, 2, 5000, '2025-11-30 18:47:54'),
(525, 16, 2500, 1, 2500, '2025-11-30 18:48:02'),
(526, 16, 2500, 1, 2500, '2025-11-30 18:48:11'),
(527, 16, 2500, 0.5, 1250, '2025-11-30 18:48:18'),
(528, 16, 2500, 0.5, 1250, '2025-11-30 18:48:27'),
(529, 16, 2500, 0, 0, '2025-11-30 18:48:36'),
(530, 16, 2500, 0, 0, '2025-11-30 18:48:42'),
(531, 16, 2500, 5, 12500, '2025-11-30 18:48:48'),
(532, 16, 2500, 2, 5000, '2025-11-30 18:49:10'),
(533, 16, 2500, 2, 5000, '2025-11-30 18:49:17'),
(534, 16, 2500, 0, 0, '2025-11-30 18:49:23'),
(535, 16, 2500, 0.5, 1250, '2025-11-30 18:49:29'),
(536, 16, 2500, 0, 0, '2025-11-30 18:49:37'),
(537, 16, 2500, 0, 0, '2025-11-30 18:49:43'),
(538, 16, 2500, 0, 0, '2025-11-30 18:49:49'),
(539, 16, 2500, 0.5, 1250, '2025-11-30 18:49:55'),
(540, 16, 2500, 0, 0, '2025-11-30 18:50:01'),
(541, 16, 2500, 0.5, 1250, '2025-11-30 18:50:07'),
(542, 16, 2500, 1, 2500, '2025-11-30 18:50:13'),
(543, 16, 2500, 2, 5000, '2025-11-30 18:50:19'),
(544, 16, 2500, 1, 2500, '2025-11-30 18:50:25'),
(545, 16, 2500, 0.5, 1250, '2025-11-30 18:50:32'),
(546, 16, 2500, 0, 0, '2025-11-30 18:50:38'),
(547, 16, 2500, 0, 0, '2025-11-30 18:50:44'),
(548, 16, 2500, 0, 0, '2025-11-30 18:50:50'),
(549, 16, 2500, 0.5, 1250, '2025-11-30 18:50:56'),
(550, 16, 2500, 5, 12500, '2025-11-30 18:51:02'),
(551, 16, 2500, 0, 0, '2025-11-30 18:51:09'),
(552, 16, 2500, 0, 0, '2025-11-30 18:51:15'),
(553, 16, 2500, 5, 12500, '2025-11-30 18:51:21'),
(554, 16, 2500, 1, 2500, '2025-11-30 18:51:27'),
(555, 16, 2500, 0.5, 1250, '2025-11-30 18:51:34'),
(556, 16, 2500, 0, 0, '2025-11-30 18:51:40'),
(557, 16, 2500, 0.5, 1250, '2025-11-30 18:51:47'),
(558, 16, 2500, 0.5, 1250, '2025-11-30 18:51:53'),
(559, 16, 2500, 1, 2500, '2025-11-30 18:51:59'),
(560, 16, 2500, 2, 5000, '2025-11-30 18:52:05'),
(561, 16, 2500, 0, 0, '2025-11-30 18:52:11'),
(562, 16, 2500, 0, 0, '2025-11-30 18:52:18'),
(563, 16, 2500, 0.5, 1250, '2025-11-30 18:52:25'),
(564, 16, 2500, 0.5, 1250, '2025-11-30 18:52:31'),
(565, 16, 2500, 0.5, 1250, '2025-11-30 18:52:37'),
(566, 16, 2500, 2, 5000, '2025-11-30 18:52:44'),
(567, 16, 2500, 0.5, 1250, '2025-11-30 18:52:51'),
(568, 16, 2500, 0.5, 1250, '2025-11-30 18:52:57'),
(569, 16, 2500, 0, 0, '2025-11-30 18:53:03'),
(570, 16, 2500, 1, 2500, '2025-11-30 18:53:10'),
(571, 16, 2500, 2, 5000, '2025-11-30 18:53:17'),
(572, 16, 2500, 0, 0, '2025-11-30 18:53:23'),
(573, 16, 2500, 0, 0, '2025-11-30 18:53:29'),
(574, 16, 2500, 5, 12500, '2025-11-30 18:53:35'),
(575, 16, 1000, 2, 2000, '2025-11-30 18:53:57'),
(576, 16, 1000, 5, 5000, '2025-11-30 18:54:03'),
(577, 16, 1000, 1, 1000, '2025-11-30 18:54:09'),
(578, 16, 1000, 0, 0, '2025-11-30 18:54:15'),
(579, 16, 1000, 2, 2000, '2025-11-30 18:54:22'),
(580, 16, 1000, 5, 5000, '2025-11-30 18:54:29'),
(581, 16, 1000, 0, 0, '2025-11-30 18:54:35'),
(582, 16, 1000, 0, 0, '2025-11-30 18:54:41'),
(583, 16, 1000, 0.5, 500, '2025-11-30 18:54:47'),
(584, 16, 1000, 1, 1000, '2025-11-30 18:54:53'),
(585, 16, 1000, 2, 2000, '2025-11-30 18:54:59'),
(586, 16, 1000, 0.5, 500, '2025-11-30 18:55:06'),
(587, 16, 1000, 2, 2000, '2025-11-30 18:55:12'),
(588, 16, 1000, 0.5, 500, '2025-11-30 18:55:18'),
(589, 16, 1000, 0.5, 500, '2025-11-30 18:55:24'),
(590, 16, 1000, 2, 2000, '2025-11-30 18:55:30'),
(591, 16, 1000, 0, 0, '2025-11-30 18:55:36'),
(592, 16, 1000, 5, 5000, '2025-11-30 18:55:44'),
(593, 16, 1000, 0.5, 500, '2025-11-30 18:55:52'),
(594, 16, 1000, 1, 1000, '2025-11-30 18:55:58'),
(595, 16, 1000, 1, 1000, '2025-11-30 18:56:05'),
(596, 16, 1000, 0.5, 500, '2025-11-30 18:56:11'),
(597, 16, 1000, 0, 0, '2025-11-30 18:56:17'),
(598, 16, 1000, 0, 0, '2025-11-30 18:56:23'),
(599, 16, 1000, 0, 0, '2025-11-30 18:56:29'),
(600, 16, 1000, 0.5, 500, '2025-11-30 18:56:36'),
(601, 16, 1000, 0, 0, '2025-11-30 18:56:42'),
(602, 16, 1000, 0, 0, '2025-11-30 18:56:48'),
(603, 16, 1000, 2, 2000, '2025-11-30 18:56:55'),
(604, 16, 1000, 2, 2000, '2025-11-30 18:57:01'),
(605, 16, 1000, 0.5, 500, '2025-11-30 18:57:11'),
(606, 16, 1000, 0.5, 500, '2025-11-30 18:57:17'),
(607, 16, 1000, 1, 1000, '2025-11-30 18:57:23'),
(608, 16, 1000, 0, 0, '2025-11-30 18:57:30'),
(609, 16, 1000, 0, 0, '2025-11-30 18:57:36'),
(610, 16, 1000, 1, 1000, '2025-11-30 18:57:42'),
(611, 16, 1000, 0, 0, '2025-11-30 18:57:48'),
(612, 16, 1000, 0.5, 500, '2025-11-30 18:57:55'),
(613, 16, 1000, 5, 5000, '2025-11-30 18:58:01'),
(614, 16, 1000, 1, 1000, '2025-11-30 18:58:07'),
(615, 16, 1000, 5, 5000, '2025-11-30 18:58:13'),
(616, 16, 1000, 0.5, 500, '2025-11-30 18:58:20'),
(617, 16, 1000, 0.5, 500, '2025-11-30 18:58:28'),
(618, 16, 1000, 1, 1000, '2025-11-30 18:58:34'),
(619, 16, 1000, 0, 0, '2025-11-30 18:58:41'),
(620, 16, 1000, 0.5, 500, '2025-11-30 18:58:47'),
(621, 16, 1000, 5, 5000, '2025-11-30 18:58:53'),
(622, 16, 1000, 2, 2000, '2025-11-30 18:58:59'),
(623, 16, 1000, 0.5, 500, '2025-11-30 18:59:06'),
(624, 16, 1000, 2, 2000, '2025-11-30 18:59:12'),
(625, 16, 1000, 0.5, 500, '2025-11-30 18:59:18'),
(626, 16, 1000, 0, 0, '2025-11-30 18:59:25'),
(627, 16, 1000, 1, 1000, '2025-11-30 18:59:30'),
(628, 16, 1000, 0, 0, '2025-11-30 18:59:37'),
(629, 16, 1000, 0, 0, '2025-11-30 18:59:43'),
(630, 16, 1000, 0, 0, '2025-11-30 18:59:49'),
(631, 16, 1000, 0, 0, '2025-11-30 18:59:55'),
(632, 16, 1000, 2, 2000, '2025-11-30 19:00:01'),
(633, 16, 1000, 0.5, 500, '2025-11-30 19:00:07'),
(634, 16, 1000, 5, 5000, '2025-11-30 19:00:13'),
(635, 16, 1000, 0.5, 500, '2025-11-30 19:00:20'),
(636, 16, 1000, 0, 0, '2025-11-30 19:00:26'),
(637, 16, 1000, 5, 5000, '2025-11-30 19:00:32'),
(638, 16, 1000, 0, 0, '2025-11-30 19:00:39'),
(639, 16, 1000, 0, 0, '2025-11-30 19:00:45'),
(640, 16, 1000, 0, 0, '2025-11-30 19:00:51'),
(641, 16, 1000, 2, 2000, '2025-11-30 19:00:57'),
(642, 16, 1000, 0.5, 500, '2025-11-30 19:01:04'),
(643, 16, 1000, 0, 0, '2025-11-30 19:01:10'),
(644, 16, 1000, 10, 10000, '2025-11-30 19:01:17'),
(645, 16, 1000, 0, 0, '2025-11-30 19:01:27'),
(646, 16, 1000, 1, 1000, '2025-11-30 19:01:33'),
(647, 16, 1000, 0, 0, '2025-11-30 19:01:39'),
(648, 16, 1000, 5, 5000, '2025-11-30 19:03:41'),
(649, 16, 1000, 1, 1000, '2025-11-30 19:03:47'),
(650, 16, 1000, 0, 0, '2025-11-30 19:03:53'),
(651, 16, 1000, 1, 1000, '2025-11-30 19:03:59'),
(652, 16, 1000, 0, 0, '2025-11-30 19:04:06'),
(653, 16, 1000, 0, 0, '2025-11-30 19:04:12'),
(654, 16, 1000, 5, 5000, '2025-11-30 19:04:18'),
(655, 16, 1000, 2, 2000, '2025-12-01 06:53:59'),
(656, 16, 1000, 0.5, 500, '2025-12-01 06:54:05'),
(657, 16, 1000, 0.5, 500, '2025-12-01 06:54:11'),
(658, 16, 1000, 0.5, 500, '2025-12-01 06:54:17'),
(659, 16, 1000, 0, 0, '2025-12-01 06:54:23'),
(660, 16, 1000, 0, 0, '2025-12-01 06:54:29'),
(661, 16, 1000, 5, 5000, '2025-12-01 06:54:36'),
(662, 16, 1000, 0.5, 500, '2025-12-01 06:54:42'),
(663, 16, 1000, 0, 0, '2025-12-01 06:54:48'),
(664, 16, 1000, 1, 1000, '2025-12-01 06:54:54'),
(665, 16, 1000, 0, 0, '2025-12-01 06:55:03'),
(666, 16, 1000, 0, 0, '2025-12-01 06:55:09'),
(667, 16, 1300, 5, 6500, '2025-12-01 06:55:20'),
(668, 16, 2000, 0, 0, '2025-12-01 13:24:18'),
(669, 16, 2000, 2, 4000, '2025-12-01 13:24:24'),
(670, 16, 2000, 2, 4000, '2025-12-01 13:24:31'),
(671, 16, 2000, 0, 0, '2025-12-01 13:24:38'),
(672, 16, 2000, 1, 2000, '2025-12-01 13:24:44'),
(673, 16, 2000, 0.5, 1000, '2025-12-01 13:24:52'),
(674, 16, 2000, 2, 4000, '2025-12-01 13:24:58'),
(675, 16, 2000, 10, 20000, '2025-12-01 13:25:04'),
(676, 16, 1000, 0, 0, '2025-12-01 13:25:23'),
(677, 16, 1000, 1, 1000, '2025-12-01 13:25:29'),
(678, 16, 1000, 0, 0, '2025-12-01 13:25:38'),
(679, 16, 1000, 0.5, 500, '2025-12-01 13:25:45'),
(680, 16, 1000, 0, 0, '2025-12-01 13:25:52'),
(681, 16, 1000, 1, 1000, '2025-12-01 13:25:59'),
(682, 16, 1000, 0.5, 500, '2025-12-01 13:26:06'),
(683, 16, 1000, 0, 0, '2025-12-01 13:26:11'),
(684, 16, 1000, 1, 1000, '2025-12-01 13:26:18'),
(685, 16, 1000, 2, 2000, '2025-12-01 13:26:24'),
(686, 16, 1000, 0.5, 500, '2025-12-01 13:26:31'),
(687, 16, 1000, 0.5, 500, '2025-12-01 13:26:37'),
(688, 16, 1000, 0, 0, '2025-12-01 13:26:44'),
(689, 16, 1000, 1, 1000, '2025-12-01 13:26:50'),
(690, 16, 1000, 0, 0, '2025-12-01 13:26:57'),
(691, 16, 1000, 0.5, 500, '2025-12-01 13:27:03'),
(692, 16, 1000, 0.5, 500, '2025-12-01 13:27:09'),
(693, 16, 1000, 0, 0, '2025-12-01 13:27:16'),
(694, 16, 1000, 0, 0, '2025-12-01 13:27:22'),
(695, 16, 1000, 1, 1000, '2025-12-01 13:27:27'),
(696, 16, 1000, 2, 2000, '2025-12-01 13:27:33'),
(697, 16, 1000, 0, 0, '2025-12-01 13:27:39'),
(698, 16, 1000, 0, 0, '2025-12-01 13:27:45'),
(699, 16, 1000, 2, 2000, '2025-12-01 13:27:52'),
(700, 16, 1000, 0, 0, '2025-12-01 13:27:58'),
(701, 16, 1000, 0, 0, '2025-12-01 13:28:04'),
(702, 16, 1000, 2, 2000, '2025-12-01 13:28:12'),
(703, 16, 1000, 2, 2000, '2025-12-01 13:28:18'),
(704, 16, 1000, 1, 1000, '2025-12-01 13:28:28'),
(705, 16, 1000, 0, 0, '2025-12-01 13:28:39'),
(706, 16, 1000, 0, 0, '2025-12-01 13:28:45'),
(707, 16, 1000, 2, 2000, '2025-12-01 13:28:51'),
(708, 16, 1000, 0, 0, '2025-12-01 13:28:57'),
(709, 16, 1000, 5, 5000, '2025-12-01 13:29:04'),
(710, 16, 1000, 0, 0, '2025-12-01 13:29:10'),
(711, 16, 1000, 5, 5000, '2025-12-01 13:29:17'),
(712, 16, 1000, 1, 1000, '2025-12-01 13:29:23'),
(713, 16, 1000, 2, 2000, '2025-12-01 13:29:29'),
(714, 16, 1000, 0, 0, '2025-12-01 13:29:36'),
(715, 16, 1000, 0.5, 500, '2025-12-01 13:29:42'),
(716, 16, 1000, 1, 1000, '2025-12-01 13:29:49'),
(717, 16, 1000, 0.5, 500, '2025-12-01 13:29:55'),
(718, 16, 1000, 5, 5000, '2025-12-01 13:30:01'),
(719, 16, 1000, 2, 2000, '2025-12-01 13:30:08'),
(720, 16, 1000, 0, 0, '2025-12-01 13:30:14'),
(721, 16, 1000, 2, 2000, '2025-12-01 13:30:23'),
(722, 16, 1000, 0, 0, '2025-12-01 15:11:12'),
(723, 16, 1000, 0, 0, '2025-12-01 15:11:18'),
(724, 16, 1000, 0.5, 500, '2025-12-01 15:11:24'),
(725, 16, 1000, 1, 1000, '2025-12-01 15:11:30'),
(726, 16, 1000, 0, 0, '2025-12-01 15:11:36'),
(727, 16, 1000, 1, 1000, '2025-12-01 15:11:42'),
(728, 16, 1000, 0, 0, '2025-12-01 15:11:54'),
(729, 16, 1000, 5, 5000, '2025-12-01 15:12:00'),
(730, 16, 3000, 0, 0, '2025-12-03 19:36:32'),
(731, 16, 3000, 0.5, 1500, '2025-12-03 19:36:38'),
(732, 16, 3000, 0, 0, '2025-12-03 19:36:47'),
(733, 16, 3000, 0, 0, '2025-12-03 19:36:53'),
(734, 16, 3000, 0, 0, '2025-12-03 19:37:00'),
(735, 16, 3000, 0.5, 1500, '2025-12-03 19:37:07'),
(736, 16, 3000, 5, 15000, '2025-12-03 19:37:14'),
(737, 16, 3000, 2, 6000, '2025-12-03 19:37:21'),
(738, 16, 3000, 0, 0, '2025-12-03 19:37:30'),
(739, 16, 3000, 2, 6000, '2025-12-03 19:37:38'),
(740, 16, 3000, 0, 0, '2025-12-03 19:37:45'),
(741, 16, 3000, 2, 6000, '2025-12-03 19:37:52'),
(742, 16, 3000, 0, 0, '2025-12-03 19:37:58'),
(743, 16, 3000, 0.5, 1500, '2025-12-03 19:38:05'),
(744, 16, 3000, 0, 0, '2025-12-03 19:38:19'),
(745, 16, 3000, 0.5, 1500, '2025-12-03 19:38:26'),
(746, 16, 3000, 0.5, 1500, '2025-12-03 19:38:36'),
(747, 16, 3000, 0, 0, '2025-12-03 19:38:48'),
(748, 16, 3000, 0, 0, '2025-12-03 19:38:55'),
(749, 16, 3000, 0.5, 1500, '2025-12-03 19:39:02'),
(750, 16, 3000, 1, 3000, '2025-12-03 19:39:13'),
(751, 16, 3000, 5, 15000, '2025-12-03 19:39:19'),
(752, 16, 3000, 0, 0, '2025-12-03 19:39:26'),
(753, 16, 3000, 0.5, 1500, '2025-12-03 19:39:36'),
(754, 16, 3000, 2, 6000, '2025-12-03 19:39:42'),
(755, 16, 3000, 1, 3000, '2025-12-03 19:39:49'),
(756, 16, 3000, 0.5, 1500, '2025-12-03 19:39:57'),
(757, 16, 3000, 5, 15000, '2025-12-03 19:40:06'),
(758, 16, 3000, 0.5, 1500, '2025-12-03 19:40:14'),
(759, 16, 3000, 2, 6000, '2025-12-03 19:40:20'),
(760, 16, 3000, 5, 15000, '2025-12-03 19:40:27'),
(761, 16, 3500, 2, 7000, '2025-12-05 21:51:14'),
(762, 16, 3500, 0, 0, '2025-12-05 21:51:21'),
(763, 16, 3500, 0, 0, '2025-12-05 21:51:28'),
(764, 16, 3500, 2, 7000, '2025-12-05 21:51:34'),
(765, 16, 3500, 1, 3500, '2025-12-05 21:51:43'),
(766, 16, 3500, 2, 7000, '2025-12-05 21:51:51'),
(767, 16, 3500, 0, 0, '2025-12-05 21:51:58'),
(768, 16, 3500, 1, 3500, '2025-12-05 21:52:05'),
(769, 16, 3500, 0.5, 1750, '2025-12-05 21:52:11'),
(770, 16, 3500, 0, 0, '2025-12-05 21:52:18'),
(771, 16, 3500, 0, 0, '2025-12-05 21:52:24'),
(772, 16, 3500, 2, 7000, '2025-12-05 21:52:31'),
(773, 16, 3500, 2, 7000, '2025-12-05 21:52:41'),
(774, 16, 3500, 0.5, 1750, '2025-12-05 21:52:48'),
(775, 16, 3500, 0, 0, '2025-12-05 21:52:55'),
(776, 16, 3500, 0, 0, '2025-12-05 21:53:02'),
(777, 16, 3500, 0, 0, '2025-12-05 21:53:08'),
(778, 16, 3500, 2, 7000, '2025-12-05 21:53:14'),
(779, 16, 3500, 0, 0, '2025-12-05 21:53:20'),
(780, 16, 3500, 0.5, 1750, '2025-12-05 21:53:26'),
(781, 16, 3500, 0, 0, '2025-12-05 21:53:34'),
(782, 16, 3500, 0.5, 1750, '2025-12-05 21:53:40'),
(783, 16, 3500, 0, 0, '2025-12-05 21:53:47'),
(784, 16, 3500, 0.5, 1750, '2025-12-05 21:53:53'),
(785, 16, 3500, 0.5, 1750, '2025-12-05 21:53:59'),
(786, 16, 3500, 0.5, 1750, '2025-12-05 21:54:05'),
(787, 16, 3500, 1, 3500, '2025-12-05 21:54:12'),
(788, 16, 3500, 0.5, 1750, '2025-12-05 21:54:19'),
(789, 16, 3500, 1, 3500, '2025-12-05 21:54:25'),
(790, 16, 3500, 0.5, 1750, '2025-12-05 21:54:32'),
(791, 16, 3500, 0, 0, '2025-12-05 21:54:38'),
(792, 16, 3500, 1, 3500, '2025-12-05 21:54:44'),
(793, 16, 3500, 0, 0, '2025-12-05 21:54:51'),
(794, 16, 3500, 0, 0, '2025-12-05 21:54:57'),
(795, 16, 3500, 1, 3500, '2025-12-05 21:55:03'),
(796, 16, 3500, 5, 17500, '2025-12-05 21:55:10'),
(797, 16, 3500, 2, 7000, '2025-12-05 21:55:17'),
(798, 16, 3500, 2, 7000, '2025-12-05 21:55:23'),
(799, 16, 3500, 1, 3500, '2025-12-05 21:55:29'),
(800, 16, 3500, 0.5, 1750, '2025-12-05 21:55:35'),
(801, 16, 3500, 0.5, 1750, '2025-12-05 21:55:41'),
(802, 16, 3500, 0, 0, '2025-12-05 21:55:48'),
(803, 16, 3500, 5, 17500, '2025-12-05 21:55:55'),
(804, 16, 3500, 0, 0, '2025-12-05 21:56:03'),
(805, 16, 3500, 1, 3500, '2025-12-05 21:56:09'),
(806, 16, 3500, 0, 0, '2025-12-05 21:56:16'),
(807, 16, 3500, 0, 0, '2025-12-05 21:56:22'),
(808, 16, 3500, 5, 17500, '2025-12-05 21:56:28'),
(809, 16, 3500, 1, 3500, '2025-12-05 21:56:36'),
(810, 16, 3500, 0.5, 1750, '2025-12-05 21:56:42'),
(811, 16, 3500, 0.5, 1750, '2025-12-05 21:56:49'),
(812, 16, 3500, 0.5, 1750, '2025-12-05 21:56:58'),
(813, 16, 3500, 0, 0, '2025-12-05 21:57:05'),
(814, 16, 3500, 0, 0, '2025-12-05 21:57:11'),
(815, 16, 3500, 0, 0, '2025-12-05 21:57:17'),
(816, 16, 3500, 0, 0, '2025-12-05 21:57:23'),
(817, 16, 3500, 0, 0, '2025-12-05 21:57:29'),
(818, 16, 3500, 0.5, 1750, '2025-12-05 21:57:35'),
(819, 16, 3500, 2, 7000, '2025-12-05 21:57:41'),
(820, 16, 3500, 1, 3500, '2025-12-05 21:57:47'),
(821, 16, 3500, 0, 0, '2025-12-05 21:57:54'),
(822, 16, 3500, 0, 0, '2025-12-05 21:58:00'),
(823, 16, 3500, 0.5, 1750, '2025-12-05 21:58:06'),
(824, 16, 3500, 0.5, 1750, '2025-12-05 21:58:12'),
(825, 16, 3500, 0.5, 1750, '2025-12-05 21:58:18'),
(826, 16, 3500, 0, 0, '2025-12-05 21:58:24'),
(827, 16, 3500, 0.5, 1750, '2025-12-05 21:58:30'),
(828, 16, 3500, 0, 0, '2025-12-05 21:58:36'),
(829, 16, 3500, 0.5, 1750, '2025-12-05 21:58:42'),
(830, 16, 3500, 5, 17500, '2025-12-05 21:58:50'),
(831, 16, 3500, 2, 7000, '2025-12-05 21:58:57'),
(832, 16, 3500, 0, 0, '2025-12-05 21:59:06'),
(833, 16, 3500, 0.5, 1750, '2025-12-05 21:59:12'),
(834, 16, 3500, 5, 17500, '2025-12-05 21:59:18'),
(835, 16, 3500, 1, 3500, '2025-12-05 21:59:25'),
(836, 16, 3500, 0.5, 1750, '2025-12-05 21:59:32'),
(837, 16, 3500, 1, 3500, '2025-12-05 21:59:38'),
(838, 16, 3500, 0.5, 1750, '2025-12-05 21:59:45'),
(839, 16, 3500, 5, 17500, '2025-12-05 21:59:51'),
(840, 16, 3500, 1, 3500, '2025-12-05 21:59:58'),
(841, 16, 3500, 2, 7000, '2025-12-05 22:00:04'),
(842, 16, 3500, 0, 0, '2025-12-05 22:00:10'),
(843, 16, 3500, 0, 0, '2025-12-05 22:00:16'),
(844, 16, 3500, 0.5, 1750, '2025-12-05 22:00:22'),
(845, 16, 3500, 1, 3500, '2025-12-05 22:00:29'),
(846, 16, 3500, 1, 3500, '2025-12-05 22:00:35'),
(847, 16, 3500, 0.5, 1750, '2025-12-05 22:00:41'),
(848, 16, 50, 0, 0, '2026-01-03 11:41:51'),
(849, 16, 50, 0.5, 25, '2026-01-03 11:41:59'),
(850, 16, 50, 1, 50, '2026-01-03 11:42:06'),
(851, 16, 50, 0, 0, '2026-01-03 11:42:18'),
(852, 16, 50, 1, 50, '2026-01-03 11:42:25'),
(853, 16, 50, 2, 100, '2026-01-03 11:42:33'),
(854, 16, 50, 0.5, 25, '2026-01-03 11:42:43'),
(855, 16, 50, 1, 50, '2026-01-03 11:42:51'),
(856, 16, 50, 0.5, 25, '2026-01-03 11:42:59'),
(857, 16, 50, 0.5, 25, '2026-01-03 11:43:05'),
(858, 16, 50, 2, 100, '2026-01-03 11:43:14'),
(859, 16, 500, 0.5, 250, '2026-01-30 07:38:23'),
(860, 16, 1000, 0, 0, '2026-01-30 07:38:35'),
(861, 16, 1000, 1, 1000, '2026-01-30 07:38:44'),
(862, 16, 1000, 0, 0, '2026-01-30 07:38:55'),
(863, 16, 1000, 2, 2000, '2026-01-30 07:39:07'),
(864, 16, 1000, 1, 1000, '2026-01-30 07:39:18'),
(865, 16, 1000, 1, 1000, '2026-01-30 07:39:29'),
(866, 16, 1000, 0, 0, '2026-01-30 07:39:42'),
(867, 16, 1000, 0, 0, '2026-01-30 07:39:53'),
(868, 16, 1000, 0, 0, '2026-01-30 07:40:12'),
(869, 16, 1000, 10, 10000, '2026-01-30 07:40:23'),
(870, 16, 1000, 0.5, 500, '2026-01-30 07:40:34'),
(871, 16, 1100, 1, 1100, '2026-01-30 07:40:50'),
(872, 16, 1100, 1, 1100, '2026-01-30 07:41:02'),
(873, 16, 1100, 0, 0, '2026-01-30 07:41:13'),
(874, 16, 1100, 0, 0, '2026-01-30 07:41:25'),
(875, 16, 1100, 2, 2200, '2026-01-30 07:41:33'),
(876, 16, 1100, 0.5, 550, '2026-01-30 07:41:42'),
(877, 16, 1100, 1, 1100, '2026-01-30 07:41:50'),
(878, 16, 1100, 1, 1100, '2026-01-30 07:42:11'),
(879, 16, 1100, 0, 0, '2026-01-30 07:42:19'),
(880, 16, 1100, 5, 5500, '2026-01-30 07:42:31'),
(881, 16, 1100, 0.5, 550, '2026-01-30 07:42:39'),
(882, 16, 1100, 0, 0, '2026-01-30 07:42:46'),
(883, 16, 1100, 0.5, 550, '2026-01-30 07:42:53'),
(884, 16, 1100, 1, 1100, '2026-01-30 07:43:02'),
(885, 16, 1100, 10, 11000, '2026-01-30 07:43:08'),
(886, 16, 1100, 0, 0, '2026-01-30 07:43:16'),
(887, 16, 1100, 1, 1100, '2026-01-30 07:43:25'),
(888, 16, 1100, 1, 1100, '2026-01-30 07:43:33'),
(889, 16, 1100, 0.5, 550, '2026-01-30 07:43:40'),
(890, 16, 1100, 0, 0, '2026-01-30 07:43:47'),
(891, 16, 1100, 0, 0, '2026-01-30 07:43:55'),
(892, 16, 1100, 2, 2200, '2026-01-30 07:44:02'),
(893, 16, 1100, 0.5, 550, '2026-01-30 07:44:17'),
(894, 16, 1100, 0.5, 550, '2026-01-30 07:44:30'),
(895, 16, 1100, 1, 1100, '2026-01-30 07:44:38'),
(896, 16, 1100, 0.5, 550, '2026-01-30 07:44:49'),
(897, 16, 1100, 1, 1100, '2026-01-30 07:45:09'),
(898, 16, 1100, 1, 1100, '2026-01-30 07:45:18'),
(899, 16, 1100, 0.5, 550, '2026-01-30 07:45:28'),
(900, 16, 1100, 5, 5500, '2026-01-30 07:45:35'),
(901, 16, 1100, 0.5, 550, '2026-01-30 07:45:42'),
(902, 16, 1100, 5, 5500, '2026-01-30 07:45:50'),
(903, 16, 1100, 0, 0, '2026-01-30 07:45:58'),
(904, 16, 1100, 5, 5500, '2026-01-30 07:46:06'),
(905, 16, 1100, 0, 0, '2026-01-30 07:46:14'),
(906, 16, 1100, 2, 2200, '2026-01-30 07:46:21'),
(907, 16, 1100, 5, 5500, '2026-01-30 07:46:29'),
(908, 16, 1100, 0, 0, '2026-01-30 07:46:37'),
(909, 16, 1100, 2, 2200, '2026-01-30 07:46:44'),
(910, 16, 1100, 1, 1100, '2026-01-30 07:46:53'),
(911, 16, 1100, 0, 0, '2026-01-30 07:47:01'),
(912, 16, 1100, 0, 0, '2026-01-30 07:47:08'),
(913, 16, 1100, 0, 0, '2026-01-30 07:47:17'),
(914, 16, 1100, 2, 2200, '2026-01-30 07:47:24'),
(915, 16, 1100, 0, 0, '2026-01-30 07:47:32'),
(916, 16, 1100, 0, 0, '2026-01-30 07:47:39'),
(917, 16, 1100, 2, 2200, '2026-01-30 07:47:46'),
(918, 16, 1100, 2, 2200, '2026-01-30 07:47:53'),
(919, 16, 1100, 1, 1100, '2026-01-30 07:48:00'),
(920, 16, 1100, 0.5, 550, '2026-01-30 07:48:07'),
(921, 16, 2000, 2, 4000, '2026-01-31 08:55:33'),
(922, 16, 2000, 0, 0, '2026-01-31 08:55:40'),
(923, 16, 2000, 5, 10000, '2026-01-31 08:55:47'),
(924, 16, 2000, 5, 10000, '2026-01-31 08:55:57'),
(925, 16, 2000, 0, 0, '2026-01-31 08:56:06'),
(926, 16, 2000, 0.5, 1000, '2026-01-31 08:56:12'),
(927, 16, 2000, 0, 0, '2026-01-31 08:56:19'),
(928, 16, 2000, 0, 0, '2026-01-31 08:56:25'),
(929, 16, 2000, 0, 0, '2026-01-31 08:56:32'),
(930, 16, 2000, 2, 4000, '2026-01-31 08:56:39'),
(931, 16, 2000, 0.5, 1000, '2026-01-31 08:56:45'),
(932, 16, 2000, 1, 2000, '2026-01-31 08:56:52'),
(933, 16, 2000, 0.5, 1000, '2026-01-31 08:57:00'),
(934, 16, 2000, 2, 4000, '2026-01-31 08:57:06'),
(935, 16, 2000, 0, 0, '2026-01-31 08:57:14'),
(936, 16, 2000, 2, 4000, '2026-01-31 08:57:21'),
(937, 16, 2000, 0, 0, '2026-01-31 08:57:27'),
(938, 16, 2000, 2, 4000, '2026-01-31 08:57:33'),
(939, 16, 2000, 0.5, 1000, '2026-01-31 08:57:39'),
(940, 16, 2000, 2, 4000, '2026-01-31 08:57:48'),
(941, 16, 2000, 0.5, 1000, '2026-01-31 08:57:56'),
(942, 16, 2000, 0, 0, '2026-01-31 08:58:07'),
(943, 16, 2000, 0.5, 1000, '2026-01-31 08:58:15'),
(944, 16, 2000, 1, 2000, '2026-01-31 08:58:23'),
(945, 16, 2000, 0, 0, '2026-01-31 08:58:31'),
(946, 16, 2000, 0.5, 1000, '2026-01-31 08:58:38'),
(947, 16, 2000, 0.5, 1000, '2026-01-31 08:58:49'),
(948, 16, 2000, 2, 4000, '2026-01-31 08:59:03'),
(949, 16, 2000, 0, 0, '2026-01-31 08:59:10'),
(950, 16, 2000, 0.5, 1000, '2026-01-31 08:59:20'),
(951, 16, 2000, 2, 4000, '2026-01-31 08:59:28'),
(952, 16, 2000, 0, 0, '2026-01-31 08:59:35'),
(953, 16, 2000, 0, 0, '2026-01-31 08:59:43'),
(954, 16, 2000, 1, 2000, '2026-01-31 08:59:51'),
(955, 16, 2000, 2, 4000, '2026-01-31 09:00:00'),
(956, 16, 2000, 0, 0, '2026-01-31 09:00:07'),
(957, 16, 2000, 1, 2000, '2026-01-31 09:00:14'),
(958, 16, 2000, 0.5, 1000, '2026-01-31 09:00:20'),
(959, 16, 2000, 2, 4000, '2026-01-31 09:00:27'),
(960, 16, 2000, 0, 0, '2026-01-31 09:00:34'),
(961, 16, 2000, 0.5, 1000, '2026-01-31 09:00:42'),
(962, 16, 2000, 0, 0, '2026-01-31 09:00:52'),
(963, 16, 2000, 0, 0, '2026-01-31 09:00:59'),
(964, 16, 2000, 5, 10000, '2026-01-31 09:01:06'),
(965, 16, 2000, 2, 4000, '2026-01-31 09:01:12'),
(966, 16, 2000, 10, 20000, '2026-01-31 09:01:19'),
(967, 16, 2000, 2, 4000, '2026-01-31 09:01:31'),
(968, 16, 2000, 0.5, 1000, '2026-01-31 09:01:38'),
(969, 16, 2000, 0.5, 1000, '2026-01-31 09:01:45'),
(970, 16, 2000, 0, 0, '2026-01-31 09:01:52'),
(971, 16, 2000, 0, 0, '2026-01-31 09:01:59'),
(972, 16, 2000, 0.5, 1000, '2026-01-31 09:02:09'),
(973, 16, 2000, 0.5, 1000, '2026-01-31 09:02:16'),
(974, 16, 2000, 1, 2000, '2026-01-31 09:02:22'),
(975, 16, 2000, 0.5, 1000, '2026-01-31 09:02:29'),
(976, 16, 2000, 0.5, 1000, '2026-01-31 09:02:38'),
(977, 16, 2000, 2, 4000, '2026-01-31 09:02:44'),
(978, 16, 2000, 0, 0, '2026-01-31 09:02:51'),
(979, 16, 2000, 1, 2000, '2026-01-31 09:02:58'),
(980, 16, 2000, 0.5, 1000, '2026-01-31 09:03:04'),
(981, 16, 2000, 0.5, 1000, '2026-01-31 09:03:11'),
(982, 16, 2000, 0, 0, '2026-01-31 09:03:17'),
(983, 16, 2000, 5, 10000, '2026-01-31 09:03:28'),
(984, 16, 2000, 0, 0, '2026-01-31 09:03:35'),
(985, 16, 2000, 2, 4000, '2026-01-31 09:03:46'),
(986, 16, 2000, 10, 20000, '2026-01-31 09:03:57'),
(987, 16, 2000, 0.5, 1000, '2026-01-31 09:04:06'),
(988, 16, 2000, 0.5, 1000, '2026-02-07 14:27:31'),
(989, 16, 2000, 0.5, 1000, '2026-02-07 14:27:38'),
(990, 16, 2000, 0, 0, '2026-02-07 14:27:46'),
(991, 16, 2000, 0.5, 1000, '2026-02-07 14:27:54'),
(992, 16, 2000, 0.5, 1000, '2026-02-07 14:28:02'),
(993, 16, 2000, 1, 2000, '2026-02-07 14:28:09'),
(994, 16, 2000, 0, 0, '2026-02-07 14:28:16'),
(995, 16, 2000, 5, 10000, '2026-02-07 14:28:23'),
(996, 16, 2000, 2, 4000, '2026-02-07 14:28:31'),
(997, 16, 2000, 5, 10000, '2026-02-07 14:28:38'),
(998, 16, 5000, 0, 0, '2026-02-09 21:35:24'),
(999, 16, 5000, 1, 5000, '2026-02-09 21:35:31'),
(1000, 16, 5000, 0.5, 2500, '2026-02-09 21:35:38'),
(1001, 16, 5000, 5, 25000, '2026-02-09 21:35:44'),
(1002, 16, 5000, 0, 0, '2026-02-09 21:35:54'),
(1003, 16, 5000, 5, 25000, '2026-02-09 21:36:01'),
(1004, 16, 5000, 0, 0, '2026-02-09 21:36:08'),
(1005, 16, 5000, 2, 10000, '2026-02-09 21:36:15'),
(1006, 16, 5000, 0.5, 2500, '2026-02-09 21:36:22'),
(1007, 16, 5000, 0.5, 2500, '2026-02-09 21:36:29'),
(1008, 16, 5000, 0.5, 2500, '2026-02-09 21:36:36'),
(1009, 16, 5000, 10, 50000, '2026-02-09 21:36:43'),
(1010, 16, 5000, 5, 25000, '2026-02-09 21:36:57'),
(1011, 16, 5000, 2, 10000, '2026-02-09 21:37:06'),
(1012, 16, 5000, 0, 0, '2026-02-09 21:37:15'),
(1013, 16, 5000, 0, 0, '2026-02-09 21:37:23'),
(1014, 16, 10000, 2, 20000, '2026-02-10 17:23:20'),
(1015, 16, 10000, 2, 20000, '2026-02-10 17:23:27'),
(1016, 16, 10000, 0, 0, '2026-02-10 17:23:35'),
(1017, 16, 10000, 0, 0, '2026-02-10 17:23:41'),
(1018, 16, 10000, 0, 0, '2026-02-10 17:23:48'),
(1019, 16, 10000, 2, 20000, '2026-02-10 17:23:54'),
(1020, 16, 10000, 2, 20000, '2026-02-10 17:24:01'),
(1021, 16, 10000, 0.5, 5000, '2026-02-10 17:24:08'),
(1022, 16, 10000, 5, 50000, '2026-02-10 17:24:14'),
(1023, 16, 7000, 2, 14000, '2026-02-12 23:55:26'),
(1024, 16, 7000, 0, 0, '2026-02-12 23:55:34'),
(1025, 16, 7000, 0.5, 3500, '2026-02-12 23:55:40'),
(1026, 16, 7000, 5, 35000, '2026-02-12 23:55:47'),
(1027, 16, 7000, 1, 7000, '2026-02-12 23:55:54'),
(1028, 16, 7000, 1, 7000, '2026-02-12 23:56:05'),
(1029, 16, 7000, 5, 35000, '2026-02-12 23:56:11'),
(1030, 16, 7000, 0.5, 3500, '2026-02-12 23:56:20'),
(1031, 16, 7000, 2, 14000, '2026-02-12 23:56:27'),
(1032, 16, 10000, 0.5, 5000, '2026-02-14 13:34:29'),
(1033, 16, 10000, 0.5, 5000, '2026-02-14 13:34:36'),
(1034, 16, 10000, 2, 20000, '2026-02-14 13:34:43'),
(1035, 16, 10000, 2, 20000, '2026-02-14 13:34:49'),
(1036, 16, 10000, 0, 0, '2026-02-14 13:34:57'),
(1037, 16, 10000, 2, 20000, '2026-02-14 13:35:03'),
(1038, 16, 10000, 2, 20000, '2026-02-14 13:35:10');

-- --------------------------------------------------------

--
-- Table structure for table `like_ads`
--

CREATE TABLE `like_ads` (
  `id` int(11) NOT NULL,
  `image_url` varchar(255) DEFAULT NULL,
  `target_url` varchar(255) DEFAULT NULL,
  `reward` int(11) DEFAULT 50,
  `is_active` tinyint(1) DEFAULT 1,
  `created_at` datetime DEFAULT current_timestamp()
) ENGINE=InnoDB DEFAULT CHARSET=utf8mb4 COLLATE=utf8mb4_general_ci;

--
-- Dumping data for table `like_ads`
--

INSERT INTO `like_ads` (`id`, `image_url`, `target_url`, `reward`, `is_active`, `created_at`) VALUES
(1, 'https://via.placeholder.com/600x300.png?text=Sample+Ad+Banner', 'https://www.example.com/', 50, 1, '2025-06-19 13:28:40'),
(2, 'uploads/ads/ad_68600213da9f1.jpg', 'https://earnflowservices.com', 50, 1, '2025-06-28 17:54:11'),
(3, 'uploads/ads/ad_688b3f3e806f5.png', 'https://www.dynaceglobal.com/', 50, 1, '2025-07-31 13:02:38');

-- --------------------------------------------------------

--
-- Table structure for table `referals`
--

CREATE TABLE `referals` (
  `id` int(11) NOT NULL,
  `referrer_id` int(11) UNSIGNED NOT NULL,
  `referred_id` int(11) UNSIGNED NOT NULL,
  `bonus_amount` decimal(10,2) NOT NULL DEFAULT 0.00,
  `created_at` datetime NOT NULL DEFAULT current_timestamp(),
  `level` tinyint(4) NOT NULL,
  `paid` tinyint(1) DEFAULT 0
) ENGINE=InnoDB DEFAULT CHARSET=utf8mb4 COLLATE=utf8mb4_general_ci;

--
-- Dumping data for table `referals`
--

INSERT INTO `referals` (`id`, `referrer_id`, `referred_id`, `bonus_amount`, `created_at`, `level`, `paid`) VALUES
(1, 6, 7, 700.00, '2025-06-17 23:54:01', 1, 1),
(2, 6, 8, 700.00, '2025-06-18 22:19:40', 1, 1),
(3, 8, 9, 0.00, '2025-06-18 23:15:35', 1, 0),
(4, 6, 9, 0.00, '2025-06-18 23:15:35', 2, 0),
(5, 6, 10, 0.00, '2025-06-19 17:55:59', 1, 0),
(6, 8, 13, 0.00, '2025-06-21 22:55:30', 1, 0),
(7, 6, 13, 0.00, '2025-06-21 22:55:30', 2, 1),
(8, 6, 14, 700.00, '2025-06-23 11:59:29', 1, 1),
(9, 16, 17, 0.00, '2025-06-28 14:42:11', 1, 0),
(10, 16, 19, 0.00, '2025-06-28 23:33:37', 1, 0),
(11, 16, 20, 0.00, '2025-07-01 11:32:45', 1, 0),
(12, 16, 21, 0.00, '2025-07-01 13:46:35', 1, 0),
(13, 16, 22, 0.00, '2025-07-01 13:47:53', 1, 0),
(14, 16, 23, 0.00, '2025-07-01 14:17:41', 1, 0),
(15, 16, 24, 0.00, '2025-07-01 22:13:25', 1, 0),
(16, 16, 26, 0.00, '2025-07-07 21:54:20', 1, 0),
(17, 16, 27, 0.00, '2025-07-08 23:02:00', 1, 0),
(18, 16, 28, 0.00, '2025-07-11 12:05:25', 1, 0),
(19, 16, 29, 0.00, '2025-07-22 00:35:25', 1, 0),
(20, 16, 30, 0.00, '2025-07-30 19:59:24', 1, 0),
(21, 16, 31, 0.00, '2025-08-06 00:12:04', 1, 0),
(22, 16, 42, 0.00, '2025-08-06 22:13:56', 1, 0),
(23, 16, 44, 0.00, '2025-08-09 07:47:19', 1, 0),
(24, 16, 45, 0.00, '2025-08-09 11:48:43', 1, 0),
(25, 16, 53, 0.00, '2025-08-10 10:18:26', 1, 0),
(26, 16, 55, 0.00, '2025-08-12 21:28:58', 1, 0),
(27, 16, 57, 0.00, '2025-08-13 20:38:30', 1, 0),
(28, 16, 58, 0.00, '2025-08-14 16:14:33', 1, 0),
(29, 16, 59, 0.00, '2025-08-16 15:26:27', 1, 0),
(30, 16, 60, 0.00, '2025-08-21 10:34:21', 1, 0),
(31, 16, 61, 0.00, '2025-08-22 03:09:49', 1, 0),
(32, 16, 62, 0.00, '2025-08-30 18:21:40', 1, 0),
(33, 16, 64, 0.00, '2025-09-07 12:58:52', 1, 0),
(34, 16, 65, 0.00, '2025-09-07 14:34:58', 1, 0),
(35, 16, 66, 0.00, '2025-09-07 18:19:36', 1, 0),
(36, 16, 67, 0.00, '2025-09-08 00:48:40', 1, 0),
(37, 16, 68, 0.00, '2025-09-08 08:00:30', 1, 0),
(38, 16, 69, 0.00, '2025-09-08 10:36:42', 1, 0),
(39, 16, 70, 0.00, '2025-09-08 10:54:33', 1, 0),
(40, 16, 71, 0.00, '2025-09-08 14:15:32', 1, 0),
(41, 16, 72, 0.00, '2025-09-09 12:37:12', 1, 0),
(42, 16, 73, 0.00, '2025-09-09 19:18:47', 1, 0),
(43, 16, 74, 0.00, '2025-09-10 09:23:58', 1, 0),
(44, 16, 84, 0.00, '2025-09-25 01:15:59', 1, 0),
(45, 16, 85, 0.00, '2025-09-25 11:40:33', 1, 0),
(46, 52, 87, 0.00, '2025-09-25 13:13:50', 1, 0),
(47, 16, 88, 0.00, '2025-09-26 03:34:22', 1, 0),
(48, 16, 89, 0.00, '2025-09-26 23:04:17', 1, 0),
(49, 16, 90, 0.00, '2025-09-27 07:38:00', 1, 0),
(50, 16, 91, 0.00, '2025-09-27 11:36:54', 1, 0),
(51, 16, 93, 0.00, '2025-09-27 21:13:29', 1, 0),
(52, 16, 94, 0.00, '2025-09-27 21:59:56', 1, 0),
(53, 16, 95, 0.00, '2025-09-27 22:21:02', 1, 0),
(54, 16, 96, 0.00, '2025-09-28 15:39:48', 1, 0),
(55, 16, 97, 0.00, '2025-09-28 18:39:10', 1, 0),
(56, 16, 98, 0.00, '2025-09-30 11:26:47', 1, 0),
(57, 16, 99, 0.00, '2025-09-30 11:56:27', 1, 0),
(58, 16, 101, 0.00, '2025-10-01 20:37:09', 1, 0),
(59, 16, 107, 0.00, '2025-10-28 08:57:45', 1, 0),
(60, 16, 110, 0.00, '2025-11-25 23:00:01', 1, 0),
(61, 16, 111, 0.00, '2025-12-01 16:21:57', 1, 0),
(62, 16, 112, 0.00, '2025-12-04 15:58:47', 1, 0),
(63, 16, 113, 0.00, '2025-12-17 09:40:02', 1, 0),
(64, 16, 114, 0.00, '2025-12-31 13:29:24', 1, 0),
(65, 16, 115, 0.00, '2025-12-31 18:02:33', 1, 0),
(66, 16, 116, 0.00, '2026-01-01 10:24:59', 1, 0),
(67, 16, 118, 0.00, '2026-01-28 12:30:12', 1, 0),
(68, 16, 121, 0.00, '2026-01-30 11:38:25', 1, 0),
(69, 16, 122, 0.00, '2026-01-30 12:19:30', 1, 0),
(70, 16, 123, 0.00, '2026-02-01 22:36:28', 1, 0),
(71, 16, 126, 0.00, '2026-02-05 14:00:54', 1, 0),
(72, 16, 127, 0.00, '2026-02-05 21:32:56', 1, 0),
(73, 16, 130, 0.00, '2026-02-07 18:40:59', 1, 0),
(74, 16, 131, 0.00, '2026-02-07 19:05:38', 1, 0),
(75, 16, 133, 0.00, '2026-02-08 08:55:02', 1, 0),
(76, 16, 134, 0.00, '2026-02-08 09:25:00', 1, 0),
(77, 16, 135, 0.00, '2026-02-08 18:52:24', 1, 0),
(78, 16, 136, 0.00, '2026-02-08 20:01:51', 1, 0),
(79, 16, 138, 0.00, '2026-02-10 17:21:39', 1, 0),
(80, 16, 139, 0.00, '2026-02-14 19:17:51', 1, 0),
(81, 16, 140, 0.00, '2026-02-15 23:42:30', 1, 0);

-- --------------------------------------------------------

--
-- Table structure for table `reward_videos`
--

CREATE TABLE `reward_videos` (
  `id` int(11) NOT NULL,
  `youtube_id` varchar(20) NOT NULL,
  `title` varchar(255) NOT NULL,
  `created_at` timestamp NOT NULL DEFAULT current_timestamp()
) ENGINE=InnoDB DEFAULT CHARSET=utf8mb4 COLLATE=utf8mb4_general_ci;

--
-- Dumping data for table `reward_videos`
--

INSERT INTO `reward_videos` (`id`, `youtube_id`, `title`, `created_at`) VALUES
(1, '2ePf9rue1Ao', 'What Is Artificial Intelligence?', '2025-06-18 17:09:58'),
(2, 'gR9VPBY9oKw', 'ANGELA CHIBALONZA  {MODERN} NONSTOP- FROM SLOW TO SEBEN SHAMAYIM MF', '2025-06-24 11:33:49'),
(3, 'KC-NOkm-dGs', 'Exploring the Paranoid Country with 374,142 Bunkers to Hide Everyone (how is this possible?)', '2025-07-29 11:17:59'),
(4, 'KC-NOkm-dGs', 'Exploring the Paranoid Country with 374,142 Bunkers to Hide Everyone (how is this possible?)', '2025-07-29 11:18:10'),
(5, 'YgXb9zDVm3o', 'How i made my first 300$ a day with EARNFLOWSERVICES [OFFICIAL VIDEO] #makemoneyonline', '2025-07-29 11:19:13'),
(6, '9PiJkT6jyH0', 'Prince Indah ~ Rembo(sms SKIZA 9844757 to 811)', '2025-07-31 09:55:22'),
(7, 'HjCG2ihLb98', 'The China You Wont See Anywhere Else', '2025-07-31 09:58:20'),
(8, 'HjCG2ihLb98', 'The China You Wont See Anywhere Else', '2025-07-31 10:00:02');

-- --------------------------------------------------------

--
-- Table structure for table `transactions`
--

CREATE TABLE `transactions` (
  `id` int(11) NOT NULL,
  `user_id` int(11) UNSIGNED NOT NULL,
  `type` enum('earn','withdraw') NOT NULL,
  `source` enum('task','referral','withdrawal','deposit','bonus') NOT NULL,
  `amount` decimal(10,2) NOT NULL,
  `description` varchar(255) NOT NULL,
  `status` enum('pending','completed','failed') NOT NULL DEFAULT 'completed',
  `reference` varchar(255) NOT NULL,
  `balance_after` decimal(10,2) NOT NULL,
  `created_at` datetime NOT NULL DEFAULT current_timestamp(),
  `related_user_id` int(11) DEFAULT NULL,
  `level` int(11) DEFAULT NULL
) ENGINE=InnoDB DEFAULT CHARSET=utf8mb4 COLLATE=utf8mb4_general_ci;

--
-- Dumping data for table `transactions`
--

INSERT INTO `transactions` (`id`, `user_id`, `type`, `source`, `amount`, `description`, `status`, `reference`, `balance_after`, `created_at`, `related_user_id`, `level`) VALUES
(1, 6, '', 'task', 5.00, 'Withdrawal to M-Pesa', 'completed', '', 0.00, '2025-06-17 23:19:31', NULL, NULL),
(2, 6, '', 'task', 5.00, 'Withdrawal to M-Pesa', 'completed', '', 0.00, '2025-06-17 23:19:38', NULL, NULL),
(3, 6, '', 'task', 5.00, 'Withdrawal to M-Pesa', 'completed', '', 0.00, '2025-06-17 23:21:20', NULL, NULL),
(4, 6, '', 'task', 5.00, 'Withdrawal to M-Pesa', 'completed', '', 0.00, '2025-06-17 23:21:48', NULL, NULL),
(5, 6, '', 'task', 5.00, 'Withdrawal to M-Pesa', 'completed', '', 0.00, '2025-06-18 14:52:40', NULL, NULL),
(6, 6, '', 'task', 5.00, 'Withdrawal to M-Pesa', 'completed', '', 0.00, '2025-06-18 16:47:29', NULL, NULL),
(7, 6, '', 'task', 5.00, 'Withdrawal to M-Pesa', 'completed', '', 0.00, '2025-06-18 16:57:23', NULL, NULL),
(8, 6, '', 'task', 5.00, 'Withdrawal to M-Pesa', 'completed', '', 0.00, '2025-06-18 18:35:50', NULL, NULL),
(9, 6, 'withdraw', 'task', 5.00, 'Withdrawal to M-Pesa', 'completed', '', 0.00, '2025-06-18 18:47:30', NULL, NULL),
(10, 6, 'earn', 'task', 100.00, 'Video watch reward', 'completed', '', 0.00, '2025-06-18 20:14:55', NULL, NULL),
(11, 6, 'earn', 'task', 100.00, 'Video watch reward', 'completed', '', 0.00, '2025-06-18 20:18:06', NULL, NULL),
(12, 6, 'earn', 'task', 100.00, 'Video watch reward', 'completed', '', 0.00, '2025-06-18 20:27:36', NULL, NULL),
(13, 6, '', 'task', 1000.00, 'Withdrawal to M-Pesa', 'completed', '', 0.00, '2025-06-18 23:43:40', NULL, NULL),
(14, 6, '', 'task', 100.00, 'Video watch reward', 'completed', '', 0.00, '2025-06-19 12:46:41', NULL, NULL),
(15, 6, '', 'task', 50.00, 'Liked ad ID: 1', 'completed', '', 0.00, '2025-06-19 13:28:58', NULL, NULL),
(16, 6, '', 'task', 5.00, 'Withdrawal to M-Pesa', 'completed', '', 0.00, '2025-06-19 14:45:17', NULL, NULL),
(17, 6, '', 'task', 551.00, 'Withdrawal to M-Pesa', 'completed', '', 0.00, '2025-06-19 14:45:49', NULL, NULL),
(18, 6, 'withdraw', 'task', 100.00, 'Withdrawal to M-Pesa', 'completed', '', 0.00, '2025-06-19 15:26:39', NULL, NULL),
(19, 6, '', 'task', 100.00, 'Spin & Win Reward', 'completed', '', 0.00, '2025-06-19 15:37:07', NULL, NULL),
(20, 6, 'earn', 'task', 100.00, 'Spin & Win Reward', 'completed', '', 0.00, '2025-06-19 15:37:39', NULL, NULL),
(21, 6, 'earn', 'task', 15.00, 'Spin & Win Reward', 'completed', '', 0.00, '2025-06-19 15:38:01', NULL, NULL),
(22, 6, 'earn', 'task', 5.00, 'Spin & Win Reward', 'completed', '', 0.00, '2025-06-19 15:39:54', NULL, NULL),
(23, 6, 'earn', 'task', 1000.00, 'Spin & Win Reward', 'completed', '', 0.00, '2025-06-19 15:41:13', NULL, NULL),
(24, 6, 'earn', 'task', 19.00, 'Spin & Win Reward', 'completed', '', 0.00, '2025-06-19 15:50:09', NULL, NULL),
(25, 6, 'withdraw', 'task', 100.00, 'Withdrawal to M-Pesa', 'completed', '', 0.00, '2025-06-19 17:30:50', NULL, NULL),
(26, 6, 'withdraw', 'task', 100.00, 'Withdrawal to M-Pesa', 'completed', '', 0.00, '2025-06-19 17:31:52', NULL, NULL),
(27, 6, 'withdraw', 'task', 100.00, 'Withdrawal to M-Pesa', 'completed', '', 0.00, '2025-06-19 17:34:24', NULL, NULL),
(28, 6, 'withdraw', 'task', 100.00, 'Withdrawal to M-Pesa', 'completed', '', 0.00, '2025-06-19 17:34:50', NULL, NULL),
(29, 6, 'earn', 'task', 100.00, 'Spin & Win Reward', 'completed', '', 0.00, '2025-06-19 17:35:40', NULL, NULL),
(30, 6, 'earn', 'task', 200.00, 'Spin & Win Reward', 'completed', '', 0.00, '2025-06-19 17:35:57', NULL, NULL),
(31, 6, 'withdraw', 'task', 100.00, 'Withdrawal to M-Pesa', 'completed', '', 0.00, '2025-06-21 19:53:02', NULL, NULL),
(32, 6, 'withdraw', 'task', 100.00, 'Withdrawal to M-Pesa', 'completed', '', 0.00, '2025-06-21 20:02:30', NULL, NULL),
(33, 6, 'withdraw', 'task', 10.00, 'Withdrawal to M-Pesa', 'completed', '', 0.00, '2025-06-21 20:03:38', NULL, NULL),
(34, 6, 'earn', 'task', 100.00, 'Video watch reward', 'completed', '', 0.00, '2025-06-21 20:31:08', NULL, NULL),
(35, 6, 'earn', 'task', 50.00, 'Liked ad ID: 1', 'completed', '', 0.00, '2025-06-21 20:37:06', NULL, NULL),
(36, 6, 'withdraw', 'task', 1000.00, 'Withdrawal to M-Pesa', 'completed', '', 0.00, '2025-06-21 21:28:37', NULL, NULL),
(37, 6, 'withdraw', 'task', 100.00, 'Withdrawal to M-Pesa', 'completed', '', 0.00, '2025-06-21 21:29:30', NULL, NULL),
(38, 6, 'earn', 'task', 50000.00, 'Game win with bet: 10000 and multiplier: 5', 'completed', '', 0.00, '2025-06-21 22:09:12', NULL, NULL),
(39, 6, 'earn', 'task', 400000.00, 'Game win with bet: 40000 and multiplier: 10', 'completed', '', 0.00, '2025-06-21 22:10:37', NULL, NULL),
(40, 6, 'earn', 'task', 5000000.00, 'Spin & Win reward', 'completed', '', 0.00, '2025-06-21 22:12:19', NULL, NULL),
(41, 13, 'earn', 'task', 150.00, 'Welcome bonus', 'completed', '', 0.00, '2025-06-21 22:55:30', NULL, NULL),
(42, 13, 'earn', 'task', 1500.00, 'Spin & Win reward', 'completed', '', 0.00, '2025-06-21 22:56:35', NULL, NULL),
(43, 6, 'earn', 'task', 5000000.00, 'Spin & Win reward', 'completed', '', 0.00, '2025-06-22 12:49:48', NULL, NULL),
(44, 6, 'earn', 'task', 10000000.00, 'Spin & Win reward', 'completed', '', 0.00, '2025-06-22 12:50:29', NULL, NULL),
(45, 14, 'earn', 'task', 150.00, 'Welcome bonus', 'completed', '', 0.00, '2025-06-23 11:59:28', NULL, NULL),
(46, 14, 'earn', 'task', 1500.00, 'Spin & Win reward', 'completed', '', 0.00, '2025-06-23 12:01:49', NULL, NULL),
(47, 14, 'earn', 'task', 50.00, 'Liked ad ID: 1', 'completed', '', 0.00, '2025-06-23 12:03:18', NULL, NULL),
(48, 6, 'withdraw', 'task', 1500.00, 'Withdrawal to M-Pesa', 'completed', '', 0.00, '2025-06-23 12:07:49', NULL, NULL),
(49, 6, 'earn', 'task', 18000000.00, 'Spin & Win reward', 'completed', '', 0.00, '2025-06-23 12:15:39', NULL, NULL),
(50, 6, 'earn', 'task', 0.00, 'Spin & Win reward', 'completed', '', 0.00, '2025-06-23 12:16:02', NULL, NULL),
(51, 6, 'earn', 'task', 0.00, 'Spin & Win reward', 'completed', '', 0.00, '2025-06-23 12:16:47', NULL, NULL),
(52, 6, 'withdraw', 'task', 800.00, 'Withdrawal to M-Pesa', 'completed', '', 0.00, '2025-06-23 12:23:33', NULL, NULL),
(53, 14, 'earn', 'task', 250.00, 'Spin & Win reward', 'completed', '', 0.00, '2025-06-23 15:15:28', NULL, NULL),
(54, 14, 'earn', 'task', 200.00, 'Spin & Win reward', 'completed', '', 0.00, '2025-06-23 15:16:43', NULL, NULL),
(55, 14, 'earn', 'task', 100.00, 'Spin & Win reward', 'completed', '', 0.00, '2025-06-23 15:17:28', NULL, NULL),
(56, 14, 'earn', 'task', 50.00, 'Spin & Win reward', 'completed', '', 0.00, '2025-06-23 15:17:42', NULL, NULL),
(57, 14, 'earn', 'task', 0.00, 'Spin & Win reward', 'completed', '', 0.00, '2025-06-23 15:17:57', NULL, NULL),
(58, 14, 'earn', 'task', 50.00, 'Spin & Win reward', 'completed', '', 0.00, '2025-06-23 15:18:13', NULL, NULL),
(59, 14, 'earn', 'task', 100.00, 'Spin & Win reward', 'completed', '', 0.00, '2025-06-23 15:18:29', NULL, NULL),
(60, 14, 'earn', 'task', 100.00, 'Spin & Win reward', 'completed', '', 0.00, '2025-06-23 15:18:42', NULL, NULL),
(61, 14, 'earn', 'task', 1000.00, 'Spin & Win reward', 'completed', '', 0.00, '2025-06-23 15:19:04', NULL, NULL),
(62, 14, 'earn', 'task', 50.00, 'Spin & Win reward', 'completed', '', 0.00, '2025-06-23 15:21:35', NULL, NULL),
(63, 6, 'earn', 'task', 600.00, 'Level 1 referral commission', 'completed', '', 0.00, '2025-06-23 15:45:43', 11, 1),
(64, 6, 'earn', 'task', 800.00, 'Spin & Win reward', 'completed', '', 0.00, '2025-06-24 17:29:31', NULL, NULL),
(65, 6, 'earn', 'task', 40.00, 'Spin & Win reward', 'completed', '', 0.00, '2025-06-24 17:29:48', NULL, NULL),
(66, 15, 'earn', 'task', 150.00, 'Welcome bonus', 'completed', '', 0.00, '2025-06-24 17:39:32', NULL, NULL),
(67, 6, 'withdraw', 'task', 100.00, 'Withdrawal to M-Pesa', 'completed', '', 0.00, '2025-06-24 17:46:35', NULL, NULL),
(68, 6, 'earn', 'task', 400.00, 'Spin & Win reward', 'completed', '', 0.00, '2025-06-24 18:35:37', NULL, NULL),
(69, 6, 'withdraw', 'task', 229.00, 'Withdrawal to M-Pesa', 'completed', '', 0.00, '2025-06-24 19:30:54', NULL, NULL),
(70, 16, 'earn', 'task', 150.00, 'Welcome bonus', 'completed', '', 0.00, '2025-06-24 19:55:14', NULL, NULL),
(71, 6, 'withdraw', 'task', 100.00, 'Withdrawal to M-Pesa (712345678)', 'completed', '', 0.00, '2025-06-25 19:25:11', NULL, NULL),
(72, 6, 'earn', 'task', 50.00, 'Spin & Win reward', 'completed', '', 0.00, '2025-06-25 19:35:27', NULL, NULL),
(73, 6, 'earn', 'task', 50.00, 'Spin & Win reward', 'completed', '', 0.00, '2025-06-25 19:35:39', NULL, NULL),
(74, 6, 'withdraw', 'task', 100.00, 'Withdrawal to M-Pesa (712345678)', 'completed', '', 0.00, '2025-06-25 19:44:43', NULL, NULL),
(75, 6, 'withdraw', 'task', 100.00, 'Withdrawal to M-Pesa (712345678)', 'completed', '', 0.00, '2025-06-25 19:46:44', NULL, NULL),
(76, 6, 'earn', 'task', 100.00, 'Spin & Win reward', 'completed', '', 0.00, '2025-06-25 19:50:08', NULL, NULL),
(77, 6, 'earn', 'task', 20.00, 'Spin & Win reward', 'completed', '', 0.00, '2025-06-26 16:29:55', NULL, NULL),
(78, 6, 'earn', 'task', 250.00, 'Spin & Win reward', 'completed', '', 0.00, '2025-06-26 19:18:26', NULL, NULL),
(79, 6, 'earn', 'task', 10.00, 'Spin & Win reward', 'completed', '', 0.00, '2025-06-26 19:53:22', NULL, NULL),
(80, 6, 'earn', 'task', 600.00, 'Level 1 referral commission', 'completed', '', 0.00, '2025-06-28 14:41:05', 11, 1),
(81, 17, 'earn', 'task', 150.00, 'Welcome bonus', 'completed', '', 0.00, '2025-06-28 14:42:11', NULL, NULL),
(82, 16, 'earn', 'task', 600.00, 'Level 1 referral commission', 'completed', '', 0.00, '2025-06-28 14:42:26', 17, 1),
(83, 6, 'earn', 'task', 600.00, 'Level 1 referral commission', 'completed', '', 0.00, '2025-06-28 14:49:20', 11, 1),
(84, 6, 'earn', 'task', 600.00, 'Level 1 referral commission', 'completed', '', 0.00, '2025-06-28 14:53:50', 11, 1),
(85, 6, 'earn', 'task', 600.00, 'Level 1 referral commission', 'completed', '', 0.00, '2025-06-28 14:55:25', 11, 1),
(86, 6, 'earn', 'task', 50.00, 'Liked ad ID: 2', 'completed', '', 0.00, '2025-06-28 17:54:36', NULL, NULL),
(87, 17, 'earn', 'task', 0.00, 'Spin & Win reward', 'completed', '', 0.00, '2025-06-28 19:50:31', NULL, NULL),
(88, 17, 'earn', 'task', 20.00, 'Spin & Win reward', 'completed', '', 0.00, '2025-06-28 19:50:43', NULL, NULL),
(89, 17, 'earn', 'task', 10.00, 'Spin & Win reward', 'completed', '', 0.00, '2025-06-28 19:50:53', NULL, NULL),
(90, 17, 'earn', 'task', 10.00, 'Spin & Win reward', 'completed', '', 0.00, '2025-06-28 19:51:00', NULL, NULL),
(91, 17, 'earn', 'task', 0.00, 'Spin & Win reward', 'completed', '', 0.00, '2025-06-28 19:51:13', NULL, NULL),
(92, 17, 'earn', 'task', 10.00, 'Spin & Win reward', 'completed', '', 0.00, '2025-06-28 19:51:20', NULL, NULL),
(93, 17, 'earn', 'task', 0.00, 'Spin & Win reward', 'completed', '', 0.00, '2025-06-28 19:51:29', NULL, NULL),
(94, 17, 'earn', 'task', 0.00, 'Spin & Win reward', 'completed', '', 0.00, '2025-06-28 19:51:36', NULL, NULL),
(95, 17, 'earn', 'task', 5.00, 'Spin & Win reward', 'completed', '', 0.00, '2025-06-28 19:51:42', NULL, NULL),
(96, 17, 'earn', 'task', 0.00, 'Spin & Win reward', 'completed', '', 0.00, '2025-06-28 19:52:15', NULL, NULL),
(97, 17, 'earn', 'task', 50.00, 'Spin & Win reward', 'completed', '', 0.00, '2025-06-28 19:52:53', NULL, NULL),
(98, 17, 'earn', 'task', 0.00, 'Spin & Win reward', 'completed', '', 0.00, '2025-06-28 19:53:01', NULL, NULL),
(99, 17, 'earn', 'task', 0.00, 'Spin & Win reward', 'completed', '', 0.00, '2025-06-28 19:53:09', NULL, NULL),
(100, 17, 'earn', 'task', 10.00, 'Spin & Win reward', 'completed', '', 0.00, '2025-06-28 19:53:17', NULL, NULL),
(101, 17, 'earn', 'task', 0.00, 'Spin & Win reward', 'completed', '', 0.00, '2025-06-28 19:53:25', NULL, NULL),
(102, 17, 'earn', 'task', 0.00, 'Spin & Win reward', 'completed', '', 0.00, '2025-06-28 19:53:32', NULL, NULL),
(103, 17, 'earn', 'task', 5.00, 'Spin & Win reward', 'completed', '', 0.00, '2025-06-28 19:53:39', NULL, NULL),
(104, 17, 'earn', 'task', 50.00, 'Spin & Win reward', 'completed', '', 0.00, '2025-06-28 19:53:46', NULL, NULL),
(105, 17, 'earn', 'task', 0.00, 'Spin & Win reward', 'completed', '', 0.00, '2025-06-28 19:53:57', NULL, NULL),
(106, 17, 'earn', 'task', 0.00, 'Spin & Win reward', 'completed', '', 0.00, '2025-06-28 19:54:08', NULL, NULL),
(107, 17, 'earn', 'task', 0.00, 'Spin & Win reward', 'completed', '', 0.00, '2025-06-28 22:37:44', NULL, NULL),
(108, 17, 'earn', 'task', 20.00, 'Spin & Win reward', 'completed', '', 0.00, '2025-06-28 22:37:58', NULL, NULL),
(109, 17, 'earn', 'task', 0.00, 'Spin & Win reward', 'completed', '', 0.00, '2025-06-28 22:38:04', NULL, NULL),
(110, 16, 'earn', 'task', 150.00, 'Spin & Win reward', 'completed', '', 0.00, '2025-06-28 22:41:21', NULL, NULL),
(111, 16, 'earn', 'task', 0.00, 'Spin & Win reward', 'completed', '', 0.00, '2025-06-28 22:41:29', NULL, NULL),
(112, 18, 'earn', 'task', 150.00, 'Welcome bonus', 'completed', '', 0.00, '2025-06-28 23:28:00', NULL, NULL),
(113, 19, 'earn', 'task', 150.00, 'Welcome bonus', 'completed', '', 0.00, '2025-06-28 23:33:37', NULL, NULL),
(114, 20, 'earn', 'task', 150.00, 'Welcome bonus', 'completed', '', 0.00, '2025-07-01 11:32:45', NULL, NULL),
(115, 21, 'earn', 'task', 150.00, 'Welcome bonus', 'completed', '', 0.00, '2025-07-01 13:46:35', NULL, NULL),
(116, 22, 'earn', 'task', 150.00, 'Welcome bonus', 'completed', '', 0.00, '2025-07-01 13:47:53', NULL, NULL),
(117, 23, 'earn', 'task', 150.00, 'Welcome bonus', 'completed', '', 0.00, '2025-07-01 14:17:41', NULL, NULL),
(118, 24, 'earn', 'task', 150.00, 'Welcome bonus', 'completed', '', 0.00, '2025-07-01 22:13:25', NULL, NULL),
(119, 6, 'earn', 'task', 45.00, 'Spin & Win reward', 'completed', '', 0.00, '2025-07-02 17:54:44', NULL, NULL),
(120, 25, 'earn', 'task', 150.00, 'Welcome bonus', 'completed', '', 0.00, '2025-07-03 10:58:39', NULL, NULL),
(121, 26, 'earn', 'task', 150.00, 'Welcome bonus', 'completed', '', 0.00, '2025-07-07 21:54:20', NULL, NULL),
(122, 27, 'earn', 'task', 150.00, 'Welcome bonus', 'completed', '', 0.00, '2025-07-08 23:02:00', NULL, NULL),
(123, 28, 'earn', 'task', 150.00, 'Welcome bonus', 'completed', '', 0.00, '2025-07-11 12:05:25', NULL, NULL),
(124, 16, 'earn', 'task', 20.00, 'Spin & Win reward', 'completed', '', 0.00, '2025-07-12 17:52:05', NULL, NULL),
(125, 16, 'earn', 'task', 20.00, 'Spin & Win reward', 'completed', '', 0.00, '2025-07-12 17:52:15', NULL, NULL),
(126, 16, 'earn', 'task', 10.00, 'Spin & Win reward', 'completed', '', 0.00, '2025-07-12 17:52:21', NULL, NULL),
(127, 29, 'earn', 'task', 150.00, 'Welcome bonus', 'completed', '', 0.00, '2025-07-22 00:35:25', NULL, NULL),
(128, 30, 'earn', 'task', 150.00, 'Welcome bonus', 'completed', '', 0.00, '2025-07-30 19:59:24', NULL, NULL),
(129, 6, 'earn', 'task', 15.00, 'Spin & Win reward', 'completed', '', 0.00, '2025-07-31 11:35:19', NULL, NULL),
(130, 6, 'withdraw', 'task', 100.00, 'Withdrawal to M-Pesa (712345678)', 'completed', '', 0.00, '2025-07-31 11:40:04', NULL, NULL),
(131, 6, 'withdraw', 'task', 100.00, 'Withdrawal to M-Pesa (712345678)', 'completed', '', 0.00, '2025-07-31 11:40:09', NULL, NULL),
(132, 6, '', 'task', 450.00, 'Reward for WhatsApp promo (#4)', 'completed', '', 0.00, '2025-07-31 15:03:57', NULL, NULL),
(133, 6, '', 'task', 450.00, 'Reward for WhatsApp promo (#4)', 'completed', '', 0.00, '2025-07-31 15:05:16', NULL, NULL),
(134, 31, 'earn', 'task', 150.00, 'Welcome bonus', 'completed', '', 0.00, '2025-08-06 00:12:04', NULL, NULL),
(135, 32, '', 'task', 1300.00, '', 'pending', 'ACT_68936edaf02a4', 0.00, '2025-08-06 18:03:56', NULL, NULL),
(136, 2, '', 'task', 1300.00, '', 'pending', 'ACT_68937aebdf068', 0.00, '2025-08-06 18:55:25', NULL, NULL),
(137, 2, '', 'task', 1300.00, '', 'pending', 'ACT_68937c8146001', 0.00, '2025-08-06 19:02:11', NULL, NULL),
(138, 42, 'earn', 'task', 150.00, 'Welcome bonus', 'completed', '', 0.00, '2025-08-06 22:13:56', NULL, NULL),
(139, 19, '', 'task', 1300.00, '', 'pending', 'ACT_6895a1ba59203', 0.00, '2025-08-08 10:05:32', NULL, NULL),
(140, 31, '', 'task', 1300.00, '', 'pending', 'ACT_6895a339101b9', 0.00, '2025-08-08 10:11:54', NULL, NULL),
(141, 31, '', 'task', 1300.00, '', 'pending', 'ACT_6895c8e8be92f', 0.00, '2025-08-08 12:52:42', NULL, NULL),
(142, 43, 'earn', 'task', 150.00, 'Welcome bonus', 'completed', '', 0.00, '2025-08-08 15:25:59', NULL, NULL),
(143, 31, '', 'task', 1300.00, '', 'pending', 'ACT_6895efd734c6c', 0.00, '2025-08-08 15:38:48', NULL, NULL),
(144, 44, 'earn', 'task', 150.00, 'Welcome bonus', 'completed', '', 0.00, '2025-08-09 07:47:19', NULL, NULL),
(145, 45, 'earn', 'task', 150.00, 'Welcome bonus', 'completed', '', 0.00, '2025-08-09 11:48:43', NULL, NULL),
(146, 46, 'earn', 'task', 150.00, 'Welcome bonus', 'completed', '', 0.00, '2025-08-09 15:14:04', NULL, NULL),
(147, 47, 'earn', 'task', 150.00, 'Welcome bonus', 'completed', '', 0.00, '2025-08-09 19:01:00', NULL, NULL),
(148, 48, 'earn', 'task', 150.00, 'Welcome bonus', 'completed', '', 0.00, '2025-08-09 19:22:23', NULL, NULL),
(149, 49, 'earn', 'task', 150.00, 'Welcome bonus', 'completed', '', 0.00, '2025-08-09 20:57:23', NULL, NULL),
(150, 50, 'earn', 'task', 150.00, 'Welcome bonus', 'completed', '', 0.00, '2025-08-09 20:58:26', NULL, NULL),
(151, 51, 'earn', 'task', 150.00, 'Welcome bonus', 'completed', '', 0.00, '2025-08-09 21:45:02', NULL, NULL),
(152, 52, 'earn', 'task', 150.00, 'Welcome bonus', 'completed', '', 0.00, '2025-08-09 23:09:06', NULL, NULL),
(153, 53, 'earn', 'task', 150.00, 'Welcome bonus', 'completed', '', 0.00, '2025-08-10 10:18:26', NULL, NULL),
(154, 54, 'earn', 'task', 150.00, 'Welcome bonus', 'completed', '', 0.00, '2025-08-11 22:35:15', NULL, NULL),
(155, 55, 'earn', 'task', 150.00, 'Welcome bonus', 'completed', '', 0.00, '2025-08-12 21:28:58', NULL, NULL),
(156, 56, 'earn', 'task', 150.00, 'Welcome bonus', 'completed', '', 0.00, '2025-08-13 13:37:52', NULL, NULL),
(157, 57, 'earn', 'task', 150.00, 'Welcome bonus', 'completed', '', 0.00, '2025-08-13 20:38:30', NULL, NULL),
(158, 58, 'earn', 'task', 150.00, 'Welcome bonus', 'completed', '', 0.00, '2025-08-14 16:14:33', NULL, NULL),
(159, 59, 'earn', 'task', 150.00, 'Welcome bonus', 'completed', '', 0.00, '2025-08-16 15:26:27', NULL, NULL),
(160, 6, 'earn', 'task', 2000.00, 'Spin & Win reward', 'completed', '', 0.00, '2025-08-18 22:10:57', NULL, NULL),
(161, 6, 'withdraw', 'task', 1000.00, 'Withdrawal to M-Pesa (712345678)', 'completed', '', 0.00, '2025-08-18 22:12:43', NULL, NULL),
(162, 29, '', 'task', 4000.00, '', 'pending', 'ACT_68a62c9c823b6', 0.00, '2025-08-20 23:14:22', NULL, NULL),
(163, 29, '', 'task', 5000.00, '', 'pending', 'ACT_68a62cd1206aa', 0.00, '2025-08-20 23:15:15', NULL, NULL),
(164, 29, '', 'task', 2000.00, '', 'pending', 'ACT_68a62ce1d8354', 0.00, '2025-08-20 23:15:31', NULL, NULL),
(165, 60, 'earn', 'task', 150.00, 'Welcome bonus', 'completed', '', 0.00, '2025-08-21 10:34:21', NULL, NULL),
(166, 29, '', 'task', 5000.00, '', 'pending', 'ACT_68a77a44c9716', 0.00, '2025-08-21 22:57:58', NULL, NULL),
(167, 29, '', 'task', 4000.00, '', 'pending', 'ACT_68a77a5fedd8f', 0.00, '2025-08-21 22:58:25', NULL, NULL),
(168, 29, '', 'task', 2000.00, '', 'pending', 'ACT_68a77c0d3f519', 0.00, '2025-08-21 23:05:34', NULL, NULL),
(169, 61, 'earn', 'task', 150.00, 'Welcome bonus', 'completed', '', 0.00, '2025-08-22 03:09:49', NULL, NULL),
(170, 62, 'earn', 'task', 150.00, 'Welcome bonus', 'completed', '', 0.00, '2025-08-30 18:21:40', NULL, NULL),
(171, 63, 'earn', 'task', 150.00, 'Welcome bonus', 'completed', '', 0.00, '2025-09-04 18:47:03', NULL, NULL),
(172, 64, 'earn', 'task', 150.00, 'Welcome bonus', 'completed', '', 0.00, '2025-09-07 12:58:52', NULL, NULL),
(173, 65, 'earn', 'task', 150.00, 'Welcome bonus', 'completed', '', 0.00, '2025-09-07 14:34:58', NULL, NULL),
(174, 66, 'earn', 'task', 150.00, 'Welcome bonus', 'completed', '', 0.00, '2025-09-07 18:19:36', NULL, NULL),
(175, 67, 'earn', 'task', 150.00, 'Welcome bonus', 'completed', '', 0.00, '2025-09-08 00:48:40', NULL, NULL),
(176, 68, 'earn', 'task', 150.00, 'Welcome bonus', 'completed', '', 0.00, '2025-09-08 08:00:30', NULL, NULL),
(177, 69, 'earn', 'task', 150.00, 'Welcome bonus', 'completed', '', 0.00, '2025-09-08 10:36:42', NULL, NULL),
(178, 70, 'earn', 'task', 150.00, 'Welcome bonus', 'completed', '', 0.00, '2025-09-08 10:54:33', NULL, NULL),
(179, 71, 'earn', 'task', 150.00, 'Welcome bonus', 'completed', '', 0.00, '2025-09-08 14:15:32', NULL, NULL),
(180, 72, 'earn', 'task', 150.00, 'Welcome bonus', 'completed', '', 0.00, '2025-09-09 12:37:12', NULL, NULL),
(181, 73, 'earn', 'task', 150.00, 'Welcome bonus', 'completed', '', 0.00, '2025-09-09 19:18:47', NULL, NULL),
(182, 74, 'earn', 'task', 150.00, 'Welcome bonus', 'completed', '', 0.00, '2025-09-10 09:23:58', NULL, NULL),
(183, 75, 'earn', 'task', 150.00, 'Welcome bonus', 'completed', '', 0.00, '2025-09-16 09:39:36', NULL, NULL),
(184, 76, 'earn', 'task', 150.00, 'Welcome bonus', 'completed', '', 0.00, '2025-09-16 12:59:34', NULL, NULL),
(185, 77, 'earn', 'task', 150.00, 'Welcome bonus', 'completed', '', 0.00, '2025-09-16 13:16:20', NULL, NULL),
(186, 78, 'earn', 'task', 150.00, 'Welcome bonus', 'completed', '', 0.00, '2025-09-16 23:43:02', NULL, NULL),
(187, 79, 'earn', 'task', 150.00, 'Welcome bonus', 'completed', '', 0.00, '2025-09-17 11:31:01', NULL, NULL),
(188, 80, 'earn', 'task', 150.00, 'Welcome bonus', 'completed', '', 0.00, '2025-09-17 16:49:04', NULL, NULL),
(189, 81, 'earn', 'task', 150.00, 'Welcome bonus', 'completed', '', 0.00, '2025-09-17 19:13:37', NULL, NULL),
(190, 82, 'earn', 'task', 150.00, 'Welcome bonus', 'completed', '', 0.00, '2025-09-19 05:09:14', NULL, NULL),
(191, 83, 'earn', 'task', 150.00, 'Welcome bonus', 'completed', '', 0.00, '2025-09-24 16:43:36', NULL, NULL),
(192, 84, 'earn', 'task', 150.00, 'Welcome bonus', 'completed', '', 0.00, '2025-09-25 01:15:59', NULL, NULL),
(193, 85, 'earn', 'task', 150.00, 'Welcome bonus', 'completed', '', 0.00, '2025-09-25 11:40:33', NULL, NULL),
(194, 86, 'earn', 'task', 150.00, 'Welcome bonus', 'completed', '', 0.00, '2025-09-25 12:20:27', NULL, NULL),
(195, 87, 'earn', 'task', 150.00, 'Welcome bonus', 'completed', '', 0.00, '2025-09-25 13:13:50', NULL, NULL),
(196, 88, 'earn', 'task', 150.00, 'Welcome bonus', 'completed', '', 0.00, '2025-09-26 03:34:22', NULL, NULL),
(197, 89, 'earn', 'task', 150.00, 'Welcome bonus', 'completed', '', 0.00, '2025-09-26 23:04:17', NULL, NULL),
(198, 90, 'earn', 'task', 150.00, 'Welcome bonus', 'completed', '', 0.00, '2025-09-27 07:38:00', NULL, NULL),
(199, 91, 'earn', 'task', 150.00, 'Welcome bonus', 'completed', '', 0.00, '2025-09-27 11:36:54', NULL, NULL),
(200, 92, 'earn', 'task', 150.00, 'Welcome bonus', 'completed', '', 0.00, '2025-09-27 16:56:56', NULL, NULL),
(201, 16, 'earn', 'task', 10.00, 'Spin & Win reward', 'completed', '', 0.00, '2025-09-27 17:06:51', NULL, NULL),
(202, 16, 'earn', 'task', 10.00, 'Spin & Win reward', 'completed', '', 0.00, '2025-09-27 17:07:07', NULL, NULL),
(203, 16, 'earn', 'task', 0.00, 'Spin & Win reward', 'completed', '', 0.00, '2025-09-27 17:07:14', NULL, NULL),
(204, 16, 'earn', 'task', 0.00, 'Spin & Win reward', 'completed', '', 0.00, '2025-09-27 17:07:23', NULL, NULL),
(205, 16, 'earn', 'task', 20.00, 'Spin & Win reward', 'completed', '', 0.00, '2025-09-27 17:07:31', NULL, NULL),
(206, 93, 'earn', 'task', 150.00, 'Welcome bonus', 'completed', '', 0.00, '2025-09-27 21:13:29', NULL, NULL),
(207, 94, 'earn', 'task', 150.00, 'Welcome bonus', 'completed', '', 0.00, '2025-09-27 21:59:56', NULL, NULL),
(208, 95, 'earn', 'task', 150.00, 'Welcome bonus', 'completed', '', 0.00, '2025-09-27 22:21:02', NULL, NULL),
(209, 16, 'earn', 'task', 0.00, 'Spin & Win reward', 'completed', '', 0.00, '2025-09-28 01:59:53', NULL, NULL),
(210, 16, 'earn', 'task', 40.00, 'Spin & Win reward', 'completed', '', 0.00, '2025-09-28 02:00:04', NULL, NULL),
(211, 16, 'earn', 'task', 40.00, 'Spin & Win reward', 'completed', '', 0.00, '2025-09-28 02:00:16', NULL, NULL),
(212, 16, 'earn', 'task', 0.00, 'Spin & Win reward', 'completed', '', 0.00, '2025-09-28 02:00:27', NULL, NULL),
(213, 16, 'earn', 'task', 0.00, 'Spin & Win reward', 'completed', '', 0.00, '2025-09-28 02:00:35', NULL, NULL),
(214, 16, 'earn', 'task', 0.00, 'Spin & Win reward', 'completed', '', 0.00, '2025-09-28 02:00:43', NULL, NULL),
(215, 16, 'earn', 'task', 40.00, 'Spin & Win reward', 'completed', '', 0.00, '2025-09-28 02:00:55', NULL, NULL),
(216, 16, 'earn', 'task', 20.00, 'Spin & Win reward', 'completed', '', 0.00, '2025-09-28 02:01:03', NULL, NULL),
(217, 16, 'earn', 'task', 0.00, 'Spin & Win reward', 'completed', '', 0.00, '2025-09-28 02:01:11', NULL, NULL),
(218, 16, 'earn', 'task', 40.00, 'Spin & Win reward', 'completed', '', 0.00, '2025-09-28 02:01:20', NULL, NULL),
(219, 16, 'earn', 'task', 40.00, 'Spin & Win reward', 'completed', '', 0.00, '2025-09-28 02:01:28', NULL, NULL),
(220, 16, 'earn', 'task', 10.00, 'Spin & Win reward', 'completed', '', 0.00, '2025-09-28 02:01:36', NULL, NULL),
(221, 16, 'earn', 'task', 10.00, 'Spin & Win reward', 'completed', '', 0.00, '2025-09-28 02:01:44', NULL, NULL),
(222, 16, 'earn', 'task', 0.00, 'Spin & Win reward', 'completed', '', 0.00, '2025-09-28 02:01:51', NULL, NULL),
(223, 96, 'earn', 'task', 150.00, 'Welcome bonus', 'completed', '', 0.00, '2025-09-28 15:39:48', NULL, NULL),
(224, 97, 'earn', 'task', 150.00, 'Welcome bonus', 'completed', '', 0.00, '2025-09-28 18:39:10', NULL, NULL),
(225, 97, '', 'task', 1300.00, '', 'pending', 'ACT_68d9576160776', 0.00, '2025-09-28 18:42:26', NULL, NULL),
(226, 98, 'earn', 'task', 150.00, 'Welcome bonus', 'completed', '', 0.00, '2025-09-30 11:26:47', NULL, NULL),
(227, 99, 'earn', 'task', 150.00, 'Welcome bonus', 'completed', '', 0.00, '2025-09-30 11:56:27', NULL, NULL),
(228, 2, '', 'task', 1300.00, '', 'pending', 'ACT_68dbc677a907e', 0.00, '2025-09-30 15:00:57', NULL, NULL),
(229, 10, '', 'task', 1300.00, '', 'pending', 'ACT_68dbc6c72397e', 0.00, '2025-09-30 15:02:16', NULL, NULL),
(230, 10, '', 'task', 1300.00, '', 'pending', 'ACT_68dbce4de50af', 0.00, '2025-09-30 15:34:23', NULL, NULL),
(231, 100, 'earn', 'task', 150.00, 'Welcome bonus', 'completed', '', 0.00, '2025-10-01 08:43:26', NULL, NULL),
(232, 101, 'earn', 'task', 150.00, 'Welcome bonus', 'completed', '', 0.00, '2025-10-01 20:37:09', NULL, NULL),
(233, 102, 'earn', 'task', 150.00, 'Welcome bonus', 'completed', '', 0.00, '2025-10-06 13:00:24', NULL, NULL),
(234, 16, 'earn', 'task', 0.00, 'Spin & Win reward', 'completed', '', 0.00, '2025-10-06 14:12:57', NULL, NULL),
(235, 16, 'earn', 'task', 40.00, 'Spin & Win reward', 'completed', '', 0.00, '2025-10-06 14:13:04', NULL, NULL),
(236, 16, 'earn', 'task', 10.00, 'Spin & Win reward', 'completed', '', 0.00, '2025-10-06 14:13:11', NULL, NULL),
(237, 16, 'earn', 'task', 20.00, 'Spin & Win reward', 'completed', '', 0.00, '2025-10-06 14:13:19', NULL, NULL),
(238, 16, 'earn', 'task', 0.00, 'Spin & Win reward', 'completed', '', 0.00, '2025-10-06 14:13:25', NULL, NULL),
(239, 16, 'earn', 'task', 40.00, 'Spin & Win reward', 'completed', '', 0.00, '2025-10-06 14:13:32', NULL, NULL),
(240, 16, 'earn', 'task', 40.00, 'Spin & Win reward', 'completed', '', 0.00, '2025-10-06 14:13:38', NULL, NULL),
(241, 16, 'earn', 'task', 0.00, 'Spin & Win reward', 'completed', '', 0.00, '2025-10-06 14:13:46', NULL, NULL),
(242, 16, 'earn', 'task', 20.00, 'Spin & Win reward', 'completed', '', 0.00, '2025-10-06 14:13:52', NULL, NULL),
(243, 16, 'earn', 'task', 20.00, 'Spin & Win reward', 'completed', '', 0.00, '2025-10-06 14:13:59', NULL, NULL),
(244, 16, 'earn', 'task', 20.00, 'Spin & Win reward', 'completed', '', 0.00, '2025-10-06 14:14:05', NULL, NULL),
(245, 16, 'earn', 'task', 40.00, 'Spin & Win reward', 'completed', '', 0.00, '2025-10-06 14:14:11', NULL, NULL),
(246, 16, 'earn', 'task', 0.00, 'Spin & Win reward', 'completed', '', 0.00, '2025-10-06 14:14:18', NULL, NULL),
(247, 16, 'earn', 'task', 10.00, 'Spin & Win reward', 'completed', '', 0.00, '2025-10-06 14:14:25', NULL, NULL),
(248, 16, 'earn', 'task', 10.00, 'Spin & Win reward', 'completed', '', 0.00, '2025-10-06 14:14:31', NULL, NULL),
(249, 16, 'earn', 'task', 0.00, 'Spin & Win reward', 'completed', '', 0.00, '2025-10-06 14:14:38', NULL, NULL),
(250, 16, 'earn', 'task', 10.00, 'Spin & Win reward', 'completed', '', 0.00, '2025-10-06 14:14:45', NULL, NULL),
(251, 16, 'earn', 'task', 20.00, 'Spin & Win reward', 'completed', '', 0.00, '2025-10-06 14:14:51', NULL, NULL),
(252, 16, 'earn', 'task', 0.00, 'Spin & Win reward', 'completed', '', 0.00, '2025-10-06 14:14:58', NULL, NULL),
(253, 16, 'earn', 'task', 10.00, 'Spin & Win reward', 'completed', '', 0.00, '2025-10-06 14:15:04', NULL, NULL),
(254, 16, 'earn', 'task', 100.00, 'Spin & Win reward', 'completed', '', 0.00, '2025-10-06 14:15:10', NULL, NULL),
(255, 16, 'earn', 'task', 10.00, 'Spin & Win reward', 'completed', '', 0.00, '2025-10-06 14:15:18', NULL, NULL),
(256, 16, 'earn', 'task', 10.00, 'Spin & Win reward', 'completed', '', 0.00, '2025-10-06 14:15:25', NULL, NULL),
(257, 16, 'earn', 'task', 10.00, 'Spin & Win reward', 'completed', '', 0.00, '2025-10-06 14:15:32', NULL, NULL),
(258, 16, 'earn', 'task', 40.00, 'Spin & Win reward', 'completed', '', 0.00, '2025-10-06 14:15:39', NULL, NULL),
(259, 16, 'earn', 'task', 10.00, 'Spin & Win reward', 'completed', '', 0.00, '2025-10-06 14:15:45', NULL, NULL),
(260, 16, 'earn', 'task', 0.00, 'Spin & Win reward', 'completed', '', 0.00, '2025-10-06 14:15:52', NULL, NULL),
(261, 16, 'earn', 'task', 10.00, 'Spin & Win reward', 'completed', '', 0.00, '2025-10-10 17:21:53', NULL, NULL),
(262, 16, 'earn', 'task', 0.00, 'Spin & Win reward', 'completed', '', 0.00, '2025-10-10 17:22:00', NULL, NULL),
(263, 16, 'earn', 'task', 10.00, 'Spin & Win reward', 'completed', '', 0.00, '2025-10-10 17:22:06', NULL, NULL),
(264, 16, 'earn', 'task', 20.00, 'Spin & Win reward', 'completed', '', 0.00, '2025-10-10 17:22:12', NULL, NULL),
(265, 16, 'earn', 'task', 0.00, 'Spin & Win reward', 'completed', '', 0.00, '2025-10-10 17:22:18', NULL, NULL),
(266, 16, 'earn', 'task', 0.00, 'Spin & Win reward', 'completed', '', 0.00, '2025-10-10 17:22:24', NULL, NULL),
(267, 16, 'earn', 'task', 40.00, 'Spin & Win reward', 'completed', '', 0.00, '2025-10-10 17:22:30', NULL, NULL),
(268, 16, 'earn', 'task', 20.00, 'Spin & Win reward', 'completed', '', 0.00, '2025-10-10 17:22:36', NULL, NULL),
(269, 16, 'earn', 'task', 0.00, 'Spin & Win reward', 'completed', '', 0.00, '2025-10-10 17:22:42', NULL, NULL),
(270, 16, 'earn', 'task', 10.00, 'Spin & Win reward', 'completed', '', 0.00, '2025-10-10 17:22:48', NULL, NULL),
(271, 16, 'earn', 'task', 0.00, 'Spin & Win reward', 'completed', '', 0.00, '2025-10-10 17:22:55', NULL, NULL),
(272, 16, 'earn', 'task', 0.00, 'Spin & Win reward', 'completed', '', 0.00, '2025-10-10 17:23:04', NULL, NULL),
(273, 16, 'earn', 'task', 10.00, 'Spin & Win reward', 'completed', '', 0.00, '2025-10-10 17:23:11', NULL, NULL),
(274, 16, 'earn', 'task', 100.00, 'Spin & Win reward', 'completed', '', 0.00, '2025-10-10 17:23:17', NULL, NULL),
(275, 16, 'earn', 'task', 20.00, 'Spin & Win reward', 'completed', '', 0.00, '2025-10-10 17:23:29', NULL, NULL),
(276, 16, 'earn', 'task', 20.00, 'Spin & Win reward', 'completed', '', 0.00, '2025-10-10 17:23:36', NULL, NULL),
(277, 16, 'earn', 'task', 0.00, 'Spin & Win reward', 'completed', '', 0.00, '2025-10-10 17:23:45', NULL, NULL),
(278, 16, 'earn', 'task', 10.00, 'Spin & Win reward', 'completed', '', 0.00, '2025-10-10 17:23:52', NULL, NULL),
(279, 16, 'earn', 'task', 20.00, 'Spin & Win reward', 'completed', '', 0.00, '2025-10-10 17:23:58', NULL, NULL),
(280, 16, 'earn', 'task', 0.00, 'Spin & Win reward', 'completed', '', 0.00, '2025-10-10 17:24:05', NULL, NULL),
(281, 16, 'earn', 'task', 20.00, 'Spin & Win reward', 'completed', '', 0.00, '2025-10-10 17:24:13', NULL, NULL),
(282, 16, 'earn', 'task', 20.00, 'Spin & Win reward', 'completed', '', 0.00, '2025-10-10 17:24:19', NULL, NULL),
(283, 16, 'earn', 'task', 20.00, 'Spin & Win reward', 'completed', '', 0.00, '2025-10-10 17:24:26', NULL, NULL),
(284, 16, 'earn', 'task', 0.00, 'Spin & Win reward', 'completed', '', 0.00, '2025-10-10 17:24:33', NULL, NULL),
(285, 16, 'earn', 'task', 100.00, 'Spin & Win reward', 'completed', '', 0.00, '2025-10-10 17:24:40', NULL, NULL),
(286, 29, '', 'task', 1300.00, '', 'pending', 'ACT_68e98aab1e8f4', 0.00, '2025-10-11 01:37:35', NULL, NULL),
(287, 103, 'earn', 'task', 150.00, 'Welcome bonus', 'completed', '', 0.00, '2025-10-12 18:06:16', NULL, NULL),
(288, 104, 'earn', 'task', 150.00, 'Welcome bonus', 'completed', '', 0.00, '2025-10-12 18:33:42', NULL, NULL),
(289, 105, 'earn', 'task', 150.00, 'Welcome bonus', 'completed', '', 0.00, '2025-10-22 22:26:24', NULL, NULL),
(290, 29, '', 'task', 5000.00, '', 'pending', 'ACT_68f9aa0dc7d12', 0.00, '2025-10-23 07:07:44', NULL, NULL),
(291, 106, 'earn', 'task', 150.00, 'Welcome bonus', 'completed', '', 0.00, '2025-10-27 13:06:31', NULL, NULL),
(292, 107, 'earn', 'task', 150.00, 'Welcome bonus', 'completed', '', 0.00, '2025-10-28 08:57:45', NULL, NULL),
(293, 108, 'earn', 'task', 150.00, 'Welcome bonus', 'completed', '', 0.00, '2025-10-28 11:27:04', NULL, NULL),
(294, 16, 'earn', 'task', 0.00, 'Spin & Win reward', 'completed', '', 0.00, '2025-10-28 22:34:19', NULL, NULL),
(295, 16, 'earn', 'task', 10.00, 'Spin & Win reward', 'completed', '', 0.00, '2025-10-28 22:34:27', NULL, NULL),
(296, 16, 'earn', 'task', 20.00, 'Spin & Win reward', 'completed', '', 0.00, '2025-10-28 22:34:47', NULL, NULL),
(297, 16, 'earn', 'task', 0.00, 'Spin & Win reward', 'completed', '', 0.00, '2025-10-28 22:35:10', NULL, NULL),
(298, 16, 'earn', 'task', 40.00, 'Spin & Win reward', 'completed', '', 0.00, '2025-10-28 22:35:17', NULL, NULL),
(299, 109, 'earn', 'task', 150.00, 'Welcome bonus', 'completed', '', 0.00, '2025-11-02 11:51:15', NULL, NULL),
(300, 16, 'earn', 'task', 40.00, 'Spin & Win reward', 'completed', '', 0.00, '2025-11-23 10:54:30', NULL, NULL),
(301, 16, 'earn', 'task', 10.00, 'Spin & Win reward', 'completed', '', 0.00, '2025-11-23 10:54:38', NULL, NULL),
(302, 16, 'earn', 'task', 0.00, 'Spin & Win reward', 'completed', '', 0.00, '2025-11-23 10:54:45', NULL, NULL),
(303, 16, 'earn', 'task', 20.00, 'Spin & Win reward', 'completed', '', 0.00, '2025-11-23 10:54:52', NULL, NULL),
(304, 16, 'earn', 'task', 0.00, 'Spin & Win reward', 'completed', '', 0.00, '2025-11-23 10:54:58', NULL, NULL),
(305, 16, 'earn', 'task', 20.00, 'Spin & Win reward', 'completed', '', 0.00, '2025-11-23 10:55:04', NULL, NULL),
(306, 16, 'earn', 'task', 0.00, 'Spin & Win reward', 'completed', '', 0.00, '2025-11-23 10:55:10', NULL, NULL),
(307, 16, 'earn', 'task', 10.00, 'Spin & Win reward', 'completed', '', 0.00, '2025-11-23 10:55:17', NULL, NULL),
(308, 16, 'earn', 'task', 0.00, 'Spin & Win reward', 'completed', '', 0.00, '2025-11-23 10:55:23', NULL, NULL),
(309, 16, 'earn', 'task', 0.00, 'Spin & Win reward', 'completed', '', 0.00, '2025-11-23 10:55:29', NULL, NULL),
(310, 16, 'earn', 'task', 20.00, 'Spin & Win reward', 'completed', '', 0.00, '2025-11-23 10:55:35', NULL, NULL),
(311, 16, 'earn', 'task', 0.00, 'Spin & Win reward', 'completed', '', 0.00, '2025-11-23 10:55:42', NULL, NULL),
(312, 16, 'earn', 'task', 10.00, 'Spin & Win reward', 'completed', '', 0.00, '2025-11-23 10:55:49', NULL, NULL),
(313, 16, 'earn', 'task', 10.00, 'Spin & Win reward', 'completed', '', 0.00, '2025-11-23 10:55:56', NULL, NULL),
(314, 16, 'earn', 'task', 10.00, 'Spin & Win reward', 'completed', '', 0.00, '2025-11-23 10:56:08', NULL, NULL),
(315, 16, 'earn', 'task', 40.00, 'Spin & Win reward', 'completed', '', 0.00, '2025-11-23 10:56:14', NULL, NULL),
(316, 16, 'earn', 'task', 0.00, 'Spin & Win reward', 'completed', '', 0.00, '2025-11-23 10:56:21', NULL, NULL),
(317, 16, 'earn', 'task', 0.00, 'Spin & Win reward', 'completed', '', 0.00, '2025-11-23 10:56:27', NULL, NULL),
(318, 16, 'earn', 'task', 40.00, 'Spin & Win reward', 'completed', '', 0.00, '2025-11-23 10:56:34', NULL, NULL),
(319, 16, 'earn', 'task', 20.00, 'Spin & Win reward', 'completed', '', 0.00, '2025-11-23 10:56:40', NULL, NULL),
(320, 16, 'earn', 'task', 20.00, 'Spin & Win reward', 'completed', '', 0.00, '2025-11-23 10:56:48', NULL, NULL),
(321, 16, 'earn', 'task', 100.00, 'Spin & Win reward', 'completed', '', 0.00, '2025-11-23 10:56:55', NULL, NULL),
(322, 16, 'earn', 'task', 20.00, 'Spin & Win reward', 'completed', '', 0.00, '2025-11-23 10:57:08', NULL, NULL),
(323, 16, 'earn', 'task', 10.00, 'Spin & Win reward', 'completed', '', 0.00, '2025-11-23 10:57:15', NULL, NULL),
(324, 16, 'earn', 'task', 10.00, 'Spin & Win reward', 'completed', '', 0.00, '2025-11-23 10:57:23', NULL, NULL),
(325, 16, 'earn', 'task', 10.00, 'Spin & Win reward', 'completed', '', 0.00, '2025-11-23 10:57:30', NULL, NULL),
(326, 16, 'earn', 'task', 0.00, 'Spin & Win reward', 'completed', '', 0.00, '2025-11-23 10:57:36', NULL, NULL),
(327, 16, 'earn', 'task', 20.00, 'Spin & Win reward', 'completed', '', 0.00, '2025-11-23 10:57:42', NULL, NULL),
(328, 16, 'earn', 'task', 10.00, 'Spin & Win reward', 'completed', '', 0.00, '2025-11-23 10:57:48', NULL, NULL),
(329, 16, 'earn', 'task', 10.00, 'Spin & Win reward', 'completed', '', 0.00, '2025-11-23 10:57:55', NULL, NULL),
(330, 16, 'earn', 'task', 40.00, 'Spin & Win reward', 'completed', '', 0.00, '2025-11-23 10:58:01', NULL, NULL),
(331, 16, 'earn', 'task', 10.00, 'Spin & Win reward', 'completed', '', 0.00, '2025-11-23 10:58:07', NULL, NULL),
(332, 16, 'earn', 'task', 0.00, 'Spin & Win reward', 'completed', '', 0.00, '2025-11-23 10:58:13', NULL, NULL),
(333, 16, 'earn', 'task', 100.00, 'Spin & Win reward', 'completed', '', 0.00, '2025-11-23 10:58:19', NULL, NULL),
(334, 16, 'earn', 'task', 10.00, 'Spin & Win reward', 'completed', '', 0.00, '2025-11-23 10:58:38', NULL, NULL),
(335, 16, 'earn', 'task', 20.00, 'Spin & Win reward', 'completed', '', 0.00, '2025-11-23 10:58:45', NULL, NULL),
(336, 16, 'earn', 'task', 10.00, 'Spin & Win reward', 'completed', '', 0.00, '2025-11-23 10:58:51', NULL, NULL),
(337, 16, 'earn', 'task', 0.00, 'Spin & Win reward', 'completed', '', 0.00, '2025-11-23 10:58:57', NULL, NULL),
(338, 16, 'earn', 'task', 20.00, 'Spin & Win reward', 'completed', '', 0.00, '2025-11-23 10:59:03', NULL, NULL),
(339, 16, 'earn', 'task', 100.00, 'Spin & Win reward', 'completed', '', 0.00, '2025-11-23 10:59:10', NULL, NULL),
(340, 16, 'earn', 'task', 40.00, 'Spin & Win reward', 'completed', '', 0.00, '2025-11-23 10:59:18', NULL, NULL),
(341, 16, 'earn', 'task', 0.00, 'Spin & Win reward', 'completed', '', 0.00, '2025-11-23 10:59:24', NULL, NULL),
(342, 16, 'earn', 'task', 10.00, 'Spin & Win reward', 'completed', '', 0.00, '2025-11-23 10:59:30', NULL, NULL),
(343, 16, 'earn', 'task', 100.00, 'Spin & Win reward', 'completed', '', 0.00, '2025-11-23 10:59:37', NULL, NULL),
(344, 16, 'earn', 'task', 40.00, 'Spin & Win reward', 'completed', '', 0.00, '2025-11-23 10:59:46', NULL, NULL),
(345, 16, 'earn', 'task', 10.00, 'Spin & Win reward', 'completed', '', 0.00, '2025-11-23 10:59:54', NULL, NULL),
(346, 16, 'earn', 'task', 40.00, 'Spin & Win reward', 'completed', '', 0.00, '2025-11-23 11:00:30', NULL, NULL),
(347, 16, 'earn', 'task', 0.00, 'Spin & Win reward', 'completed', '', 0.00, '2025-11-23 11:00:37', NULL, NULL),
(348, 16, 'earn', 'task', 20.00, 'Spin & Win reward', 'completed', '', 0.00, '2025-11-23 11:00:45', NULL, NULL),
(349, 16, 'earn', 'task', 200.00, 'Spin & Win reward', 'completed', '', 0.00, '2025-11-23 11:00:52', NULL, NULL),
(350, 16, 'earn', 'task', 13.00, 'Spin & Win reward', 'completed', '', 0.00, '2025-11-23 11:01:34', NULL, NULL),
(351, 16, 'earn', 'task', 0.00, 'Spin & Win reward', 'completed', '', 0.00, '2025-11-23 11:01:43', NULL, NULL),
(352, 16, 'earn', 'task', 125.00, 'Spin & Win reward', 'completed', '', 0.00, '2025-11-23 11:01:50', NULL, NULL),
(353, 16, 'earn', 'task', 25.00, 'Spin & Win reward', 'completed', '', 0.00, '2025-11-23 11:01:59', NULL, NULL),
(354, 16, 'earn', 'task', 0.00, 'Spin & Win reward', 'completed', '', 0.00, '2025-11-23 11:02:05', NULL, NULL),
(355, 16, 'earn', 'task', 19.00, 'Spin & Win reward', 'completed', '', 0.00, '2025-11-23 14:24:07', NULL, NULL),
(356, 16, 'earn', 'task', 10.00, 'Spin & Win reward', 'completed', '', 0.00, '2025-11-23 14:24:25', NULL, NULL),
(357, 16, 'earn', 'task', 0.00, 'Spin & Win reward', 'completed', '', 0.00, '2025-11-23 14:24:37', NULL, NULL),
(358, 110, 'earn', 'task', 150.00, 'Welcome bonus', 'completed', '', 0.00, '2025-11-25 23:00:01', NULL, NULL),
(359, 16, 'earn', 'task', 50.00, 'Spin & Win reward', 'completed', '', 0.00, '2025-11-30 11:18:09', NULL, NULL),
(360, 16, 'earn', 'task', 50.00, 'Spin & Win reward', 'completed', '', 0.00, '2025-11-30 11:18:16', NULL, NULL),
(361, 16, 'earn', 'task', 50.00, 'Spin & Win reward', 'completed', '', 0.00, '2025-11-30 11:18:22', NULL, NULL),
(362, 16, 'earn', 'task', 50.00, 'Spin & Win reward', 'completed', '', 0.00, '2025-11-30 11:18:29', NULL, NULL),
(363, 16, 'earn', 'task', 100.00, 'Spin & Win reward', 'completed', '', 0.00, '2025-11-30 11:18:35', NULL, NULL),
(364, 16, 'earn', 'task', 100.00, 'Spin & Win reward', 'completed', '', 0.00, '2025-11-30 11:18:42', NULL, NULL),
(365, 16, 'earn', 'task', 50.00, 'Spin & Win reward', 'completed', '', 0.00, '2025-11-30 11:18:49', NULL, NULL),
(366, 16, 'earn', 'task', 200.00, 'Spin & Win reward', 'completed', '', 0.00, '2025-11-30 11:18:56', NULL, NULL),
(367, 16, 'earn', 'task', 200.00, 'Spin & Win reward', 'completed', '', 0.00, '2025-11-30 11:19:02', NULL, NULL),
(368, 16, 'earn', 'task', 200.00, 'Spin & Win reward', 'completed', '', 0.00, '2025-11-30 11:19:09', NULL, NULL),
(369, 16, 'earn', 'task', 0.00, 'Spin & Win reward', 'completed', '', 0.00, '2025-11-30 11:19:16', NULL, NULL),
(370, 16, 'earn', 'task', 50.00, 'Spin & Win reward', 'completed', '', 0.00, '2025-11-30 11:19:22', NULL, NULL),
(371, 16, 'earn', 'task', 50.00, 'Spin & Win reward', 'completed', '', 0.00, '2025-11-30 11:19:29', NULL, NULL),
(372, 16, 'earn', 'task', 50.00, 'Spin & Win reward', 'completed', '', 0.00, '2025-11-30 11:19:36', NULL, NULL),
(373, 16, 'earn', 'task', 500.00, 'Spin & Win reward', 'completed', '', 0.00, '2025-11-30 11:19:42', NULL, NULL),
(374, 16, 'earn', 'task', 0.00, 'Spin & Win reward', 'completed', '', 0.00, '2025-11-30 11:19:49', NULL, NULL),
(375, 16, 'earn', 'task', 0.00, 'Spin & Win reward', 'completed', '', 0.00, '2025-11-30 11:19:56', NULL, NULL),
(376, 16, 'earn', 'task', 200.00, 'Spin & Win reward', 'completed', '', 0.00, '2025-11-30 11:20:02', NULL, NULL),
(377, 16, 'earn', 'task', 0.00, 'Spin & Win reward', 'completed', '', 0.00, '2025-11-30 11:20:09', NULL, NULL),
(378, 16, 'earn', 'task', 50.00, 'Spin & Win reward', 'completed', '', 0.00, '2025-11-30 11:20:15', NULL, NULL),
(379, 16, 'earn', 'task', 0.00, 'Spin & Win reward', 'completed', '', 0.00, '2025-11-30 11:20:21', NULL, NULL),
(380, 16, 'earn', 'task', 200.00, 'Spin & Win reward', 'completed', '', 0.00, '2025-11-30 11:20:27', NULL, NULL),
(381, 16, 'earn', 'task', 50.00, 'Spin & Win reward', 'completed', '', 0.00, '2025-11-30 11:20:34', NULL, NULL),
(382, 16, 'earn', 'task', 0.00, 'Spin & Win reward', 'completed', '', 0.00, '2025-11-30 11:20:40', NULL, NULL),
(383, 16, 'earn', 'task', 200.00, 'Spin & Win reward', 'completed', '', 0.00, '2025-11-30 11:20:46', NULL, NULL),
(384, 16, 'earn', 'task', 500.00, 'Spin & Win reward', 'completed', '', 0.00, '2025-11-30 11:20:55', NULL, NULL),
(385, 16, 'earn', 'task', 1000.00, 'Spin & Win reward', 'completed', '', 0.00, '2025-11-30 11:21:03', NULL, NULL),
(386, 16, 'earn', 'task', 50.00, 'Spin & Win reward', 'completed', '', 0.00, '2025-11-30 11:21:14', NULL, NULL),
(387, 16, 'earn', 'task', 50.00, 'Spin & Win reward', 'completed', '', 0.00, '2025-11-30 11:21:20', NULL, NULL),
(388, 16, 'earn', 'task', 200.00, 'Spin & Win reward', 'completed', '', 0.00, '2025-11-30 11:21:27', NULL, NULL),
(389, 16, 'earn', 'task', 0.00, 'Spin & Win reward', 'completed', '', 0.00, '2025-11-30 11:21:33', NULL, NULL),
(390, 16, 'earn', 'task', 200.00, 'Spin & Win reward', 'completed', '', 0.00, '2025-11-30 11:21:39', NULL, NULL),
(391, 16, 'earn', 'task', 100.00, 'Spin & Win reward', 'completed', '', 0.00, '2025-11-30 11:21:46', NULL, NULL),
(392, 16, 'earn', 'task', 100.00, 'Spin & Win reward', 'completed', '', 0.00, '2025-11-30 11:21:52', NULL, NULL),
(393, 16, 'earn', 'task', 50.00, 'Spin & Win reward', 'completed', '', 0.00, '2025-11-30 11:21:58', NULL, NULL),
(394, 16, 'earn', 'task', 100.00, 'Spin & Win reward', 'completed', '', 0.00, '2025-11-30 11:22:05', NULL, NULL),
(395, 16, 'earn', 'task', 500.00, 'Spin & Win reward', 'completed', '', 0.00, '2025-11-30 11:22:11', NULL, NULL),
(396, 16, 'earn', 'task', 75.00, 'Spin & Win reward', 'completed', '', 0.00, '2025-11-30 11:22:23', NULL, NULL),
(397, 16, 'earn', 'task', 300.00, 'Spin & Win reward', 'completed', '', 0.00, '2025-11-30 11:22:29', NULL, NULL),
(398, 16, 'earn', 'task', 150.00, 'Spin & Win reward', 'completed', '', 0.00, '2025-11-30 11:22:36', NULL, NULL),
(399, 16, 'earn', 'task', 75.00, 'Spin & Win reward', 'completed', '', 0.00, '2025-11-30 11:22:42', NULL, NULL),
(400, 16, 'earn', 'task', 75.00, 'Spin & Win reward', 'completed', '', 0.00, '2025-11-30 11:22:51', NULL, NULL),
(401, 16, 'earn', 'task', 0.00, 'Spin & Win reward', 'completed', '', 0.00, '2025-11-30 11:22:57', NULL, NULL),
(402, 16, 'earn', 'task', 0.00, 'Spin & Win reward', 'completed', '', 0.00, '2025-11-30 11:23:04', NULL, NULL),
(403, 16, 'earn', 'task', 150.00, 'Spin & Win reward', 'completed', '', 0.00, '2025-11-30 11:23:10', NULL, NULL),
(404, 16, 'earn', 'task', 75.00, 'Spin & Win reward', 'completed', '', 0.00, '2025-11-30 11:23:17', NULL, NULL),
(405, 16, 'earn', 'task', 750.00, 'Spin & Win reward', 'completed', '', 0.00, '2025-11-30 11:23:24', NULL, NULL),
(406, 16, 'earn', 'task', 0.00, 'Spin & Win reward', 'completed', '', 0.00, '2025-11-30 11:23:32', NULL, NULL),
(407, 16, 'earn', 'task', 75.00, 'Spin & Win reward', 'completed', '', 0.00, '2025-11-30 11:23:38', NULL, NULL),
(408, 16, 'earn', 'task', 150.00, 'Spin & Win reward', 'completed', '', 0.00, '2025-11-30 11:23:44', NULL, NULL),
(409, 16, 'earn', 'task', 75.00, 'Spin & Win reward', 'completed', '', 0.00, '2025-11-30 11:23:50', NULL, NULL),
(410, 16, 'earn', 'task', 0.00, 'Spin & Win reward', 'completed', '', 0.00, '2025-11-30 11:23:56', NULL, NULL),
(411, 16, 'earn', 'task', 0.00, 'Spin & Win reward', 'completed', '', 0.00, '2025-11-30 11:24:03', NULL, NULL),
(412, 16, 'earn', 'task', 150.00, 'Spin & Win reward', 'completed', '', 0.00, '2025-11-30 11:24:09', NULL, NULL),
(413, 16, 'earn', 'task', 300.00, 'Spin & Win reward', 'completed', '', 0.00, '2025-11-30 11:24:15', NULL, NULL),
(414, 16, 'earn', 'task', 0.00, 'Spin & Win reward', 'completed', '', 0.00, '2025-11-30 11:24:22', NULL, NULL),
(415, 16, 'earn', 'task', 0.00, 'Spin & Win reward', 'completed', '', 0.00, '2025-11-30 11:24:28', NULL, NULL),
(416, 16, 'earn', 'task', 0.00, 'Spin & Win reward', 'completed', '', 0.00, '2025-11-30 11:24:34', NULL, NULL),
(417, 16, 'earn', 'task', 150.00, 'Spin & Win reward', 'completed', '', 0.00, '2025-11-30 11:24:40', NULL, NULL),
(418, 16, 'earn', 'task', 75.00, 'Spin & Win reward', 'completed', '', 0.00, '2025-11-30 11:24:46', NULL, NULL),
(419, 16, 'earn', 'task', 750.00, 'Spin & Win reward', 'completed', '', 0.00, '2025-11-30 11:24:52', NULL, NULL),
(420, 16, 'earn', 'task', 750.00, 'Spin & Win reward', 'completed', '', 0.00, '2025-11-30 11:24:59', NULL, NULL),
(421, 16, 'earn', 'task', 0.00, 'Spin & Win reward', 'completed', '', 0.00, '2025-11-30 11:25:06', NULL, NULL),
(422, 16, 'earn', 'task', 300.00, 'Spin & Win reward', 'completed', '', 0.00, '2025-11-30 11:25:12', NULL, NULL),
(423, 16, 'earn', 'task', 0.00, 'Spin & Win reward', 'completed', '', 0.00, '2025-11-30 11:25:19', NULL, NULL),
(424, 16, 'earn', 'task', 300.00, 'Spin & Win reward', 'completed', '', 0.00, '2025-11-30 11:25:25', NULL, NULL),
(425, 16, 'earn', 'task', 75.00, 'Spin & Win reward', 'completed', '', 0.00, '2025-11-30 11:25:31', NULL, NULL),
(426, 16, 'earn', 'task', 750.00, 'Spin & Win reward', 'completed', '', 0.00, '2025-11-30 11:25:37', NULL, NULL),
(427, 16, 'earn', 'task', 75.00, 'Spin & Win reward', 'completed', '', 0.00, '2025-11-30 11:25:45', NULL, NULL),
(428, 16, 'earn', 'task', 150.00, 'Spin & Win reward', 'completed', '', 0.00, '2025-11-30 11:25:51', NULL, NULL),
(429, 16, 'earn', 'task', 750.00, 'Spin & Win reward', 'completed', '', 0.00, '2025-11-30 11:25:58', NULL, NULL),
(430, 16, 'earn', 'task', 300.00, 'Spin & Win reward', 'completed', '', 0.00, '2025-11-30 11:26:05', NULL, NULL),
(431, 16, 'earn', 'task', 75.00, 'Spin & Win reward', 'completed', '', 0.00, '2025-11-30 11:26:13', NULL, NULL),
(432, 16, 'earn', 'task', 750.00, 'Spin & Win reward', 'completed', '', 0.00, '2025-11-30 11:26:19', NULL, NULL),
(433, 16, 'earn', 'task', 300.00, 'Spin & Win reward', 'completed', '', 0.00, '2025-11-30 11:26:26', NULL, NULL),
(434, 16, 'earn', 'task', 500.00, 'Spin & Win reward', 'completed', '', 0.00, '2025-11-30 11:26:40', NULL, NULL),
(435, 16, 'earn', 'task', 1000.00, 'Spin & Win reward', 'completed', '', 0.00, '2025-11-30 11:26:46', NULL, NULL),
(436, 16, 'earn', 'task', 500.00, 'Spin & Win reward', 'completed', '', 0.00, '2025-11-30 11:26:53', NULL, NULL),
(437, 16, 'earn', 'task', 500.00, 'Spin & Win reward', 'completed', '', 0.00, '2025-11-30 11:26:59', NULL, NULL),
(438, 16, 'earn', 'task', 500.00, 'Spin & Win reward', 'completed', '', 0.00, '2025-11-30 11:27:05', NULL, NULL),
(439, 16, 'earn', 'task', 1000.00, 'Spin & Win reward', 'completed', '', 0.00, '2025-11-30 11:27:11', NULL, NULL),
(440, 16, 'earn', 'task', 250.00, 'Spin & Win reward', 'completed', '', 0.00, '2025-11-30 11:27:17', NULL, NULL),
(441, 16, 'earn', 'task', 5000.00, 'Spin & Win reward', 'completed', '', 0.00, '2025-11-30 11:27:24', NULL, NULL),
(442, 16, 'earn', 'task', 0.00, 'Spin & Win reward', 'completed', '', 0.00, '2025-11-30 11:27:33', NULL, NULL),
(443, 16, 'earn', 'task', 500.00, 'Spin & Win reward', 'completed', '', 0.00, '2025-11-30 11:27:39', NULL, NULL),
(444, 16, 'earn', 'task', 250.00, 'Spin & Win reward', 'completed', '', 0.00, '2025-11-30 11:27:46', NULL, NULL),
(445, 16, 'earn', 'task', 250.00, 'Spin & Win reward', 'completed', '', 0.00, '2025-11-30 11:27:52', NULL, NULL),
(446, 16, 'earn', 'task', 500.00, 'Spin & Win reward', 'completed', '', 0.00, '2025-11-30 11:27:58', NULL, NULL),
(447, 16, 'earn', 'task', 0.00, 'Spin & Win reward', 'completed', '', 0.00, '2025-11-30 11:28:04', NULL, NULL),
(448, 16, 'earn', 'task', 1000.00, 'Spin & Win reward', 'completed', '', 0.00, '2025-11-30 11:28:10', NULL, NULL),
(449, 16, 'earn', 'task', 1000.00, 'Spin & Win reward', 'completed', '', 0.00, '2025-11-30 11:28:16', NULL, NULL),
(450, 16, 'earn', 'task', 250.00, 'Spin & Win reward', 'completed', '', 0.00, '2025-11-30 11:28:23', NULL, NULL);
INSERT INTO `transactions` (`id`, `user_id`, `type`, `source`, `amount`, `description`, `status`, `reference`, `balance_after`, `created_at`, `related_user_id`, `level`) VALUES
(451, 16, 'earn', 'task', 250.00, 'Spin & Win reward', 'completed', '', 0.00, '2025-11-30 11:28:29', NULL, NULL),
(452, 16, 'earn', 'task', 250.00, 'Spin & Win reward', 'completed', '', 0.00, '2025-11-30 11:28:35', NULL, NULL),
(453, 16, 'earn', 'task', 0.00, 'Spin & Win reward', 'completed', '', 0.00, '2025-11-30 11:28:41', NULL, NULL),
(454, 16, 'earn', 'task', 250.00, 'Spin & Win reward', 'completed', '', 0.00, '2025-11-30 11:28:47', NULL, NULL),
(455, 16, 'earn', 'task', 250.00, 'Spin & Win reward', 'completed', '', 0.00, '2025-11-30 11:28:53', NULL, NULL),
(456, 16, 'earn', 'task', 0.00, 'Spin & Win reward', 'completed', '', 0.00, '2025-11-30 11:29:00', NULL, NULL),
(457, 16, 'earn', 'task', 1000.00, 'Spin & Win reward', 'completed', '', 0.00, '2025-11-30 11:29:06', NULL, NULL),
(458, 16, 'earn', 'task', 250.00, 'Spin & Win reward', 'completed', '', 0.00, '2025-11-30 11:29:12', NULL, NULL),
(459, 16, 'earn', 'task', 250.00, 'Spin & Win reward', 'completed', '', 0.00, '2025-11-30 11:29:18', NULL, NULL),
(460, 16, 'earn', 'task', 0.00, 'Spin & Win reward', 'completed', '', 0.00, '2025-11-30 11:29:24', NULL, NULL),
(461, 16, 'earn', 'task', 0.00, 'Spin & Win reward', 'completed', '', 0.00, '2025-11-30 11:29:30', NULL, NULL),
(462, 16, 'earn', 'task', 5000.00, 'Spin & Win reward', 'completed', '', 0.00, '2025-11-30 11:29:36', NULL, NULL),
(463, 16, 'earn', 'task', 1000.00, 'Spin & Win reward', 'completed', '', 0.00, '2025-11-30 11:29:44', NULL, NULL),
(464, 16, 'earn', 'task', 500.00, 'Spin & Win reward', 'completed', '', 0.00, '2025-11-30 11:30:02', NULL, NULL),
(465, 16, 'earn', 'task', 500.00, 'Spin & Win reward', 'completed', '', 0.00, '2025-11-30 11:30:08', NULL, NULL),
(466, 16, 'earn', 'task', 250.00, 'Spin & Win reward', 'completed', '', 0.00, '2025-11-30 11:30:14', NULL, NULL),
(467, 16, 'earn', 'task', 500.00, 'Spin & Win reward', 'completed', '', 0.00, '2025-11-30 11:30:20', NULL, NULL),
(468, 16, 'earn', 'task', 0.00, 'Spin & Win reward', 'completed', '', 0.00, '2025-11-30 11:30:28', NULL, NULL),
(469, 16, 'earn', 'task', 250.00, 'Spin & Win reward', 'completed', '', 0.00, '2025-11-30 11:30:34', NULL, NULL),
(470, 16, 'earn', 'task', 1000.00, 'Spin & Win reward', 'completed', '', 0.00, '2025-11-30 11:30:40', NULL, NULL),
(471, 16, 'earn', 'task', 1000.00, 'Spin & Win reward', 'completed', '', 0.00, '2025-11-30 11:30:46', NULL, NULL),
(472, 16, 'earn', 'task', 250.00, 'Spin & Win reward', 'completed', '', 0.00, '2025-11-30 11:30:52', NULL, NULL),
(473, 16, 'earn', 'task', 0.00, 'Spin & Win reward', 'completed', '', 0.00, '2025-11-30 11:30:58', NULL, NULL),
(474, 16, 'earn', 'task', 500.00, 'Spin & Win reward', 'completed', '', 0.00, '2025-11-30 11:31:05', NULL, NULL),
(475, 16, 'earn', 'task', 0.00, 'Spin & Win reward', 'completed', '', 0.00, '2025-11-30 11:31:13', NULL, NULL),
(476, 16, 'earn', 'task', 1000.00, 'Spin & Win reward', 'completed', '', 0.00, '2025-11-30 11:31:19', NULL, NULL),
(477, 16, 'earn', 'task', 500.00, 'Spin & Win reward', 'completed', '', 0.00, '2025-11-30 11:31:25', NULL, NULL),
(478, 16, 'earn', 'task', 0.00, 'Spin & Win reward', 'completed', '', 0.00, '2025-11-30 11:31:32', NULL, NULL),
(479, 16, 'earn', 'task', 500.00, 'Spin & Win reward', 'completed', '', 0.00, '2025-11-30 11:31:38', NULL, NULL),
(480, 16, 'earn', 'task', 500.00, 'Spin & Win reward', 'completed', '', 0.00, '2025-11-30 11:31:44', NULL, NULL),
(481, 16, 'earn', 'task', 1000.00, 'Spin & Win reward', 'completed', '', 0.00, '2025-11-30 11:31:50', NULL, NULL),
(482, 16, 'earn', 'task', 0.00, 'Spin & Win reward', 'completed', '', 0.00, '2025-11-30 11:31:57', NULL, NULL),
(483, 16, 'earn', 'task', 500.00, 'Spin & Win reward', 'completed', '', 0.00, '2025-11-30 11:32:03', NULL, NULL),
(484, 16, 'earn', 'task', 0.00, 'Spin & Win reward', 'completed', '', 0.00, '2025-11-30 11:32:10', NULL, NULL),
(485, 16, 'earn', 'task', 1000.00, 'Spin & Win reward', 'completed', '', 0.00, '2025-11-30 11:32:16', NULL, NULL),
(486, 16, 'earn', 'task', 500.00, 'Spin & Win reward', 'completed', '', 0.00, '2025-11-30 11:32:22', NULL, NULL),
(487, 16, 'earn', 'task', 0.00, 'Spin & Win reward', 'completed', '', 0.00, '2025-11-30 11:32:28', NULL, NULL),
(488, 16, 'earn', 'task', 500.00, 'Spin & Win reward', 'completed', '', 0.00, '2025-11-30 11:32:34', NULL, NULL),
(489, 16, 'earn', 'task', 500.00, 'Spin & Win reward', 'completed', '', 0.00, '2025-11-30 11:32:40', NULL, NULL),
(490, 16, 'earn', 'task', 1000.00, 'Spin & Win reward', 'completed', '', 0.00, '2025-11-30 11:32:46', NULL, NULL),
(491, 16, 'earn', 'task', 1000.00, 'Spin & Win reward', 'completed', '', 0.00, '2025-11-30 11:32:52', NULL, NULL),
(492, 16, 'earn', 'task', 1000.00, 'Spin & Win reward', 'completed', '', 0.00, '2025-11-30 11:32:58', NULL, NULL),
(493, 16, 'earn', 'task', 0.00, 'Spin & Win reward', 'completed', '', 0.00, '2025-11-30 11:33:04', NULL, NULL),
(494, 16, 'earn', 'task', 500.00, 'Spin & Win reward', 'completed', '', 0.00, '2025-11-30 11:33:10', NULL, NULL),
(495, 16, 'earn', 'task', 0.00, 'Spin & Win reward', 'completed', '', 0.00, '2025-11-30 11:33:16', NULL, NULL),
(496, 16, 'earn', 'task', 1000.00, 'Spin & Win reward', 'completed', '', 0.00, '2025-11-30 11:33:22', NULL, NULL),
(497, 16, 'earn', 'task', 500.00, 'Spin & Win reward', 'completed', '', 0.00, '2025-11-30 11:33:28', NULL, NULL),
(498, 16, 'earn', 'task', 0.00, 'Spin & Win reward', 'completed', '', 0.00, '2025-11-30 11:33:35', NULL, NULL),
(499, 16, 'earn', 'task', 1000.00, 'Spin & Win reward', 'completed', '', 0.00, '2025-11-30 11:33:41', NULL, NULL),
(500, 16, 'earn', 'task', 0.00, 'Spin & Win reward', 'completed', '', 0.00, '2025-11-30 11:33:47', NULL, NULL),
(501, 16, 'earn', 'task', 0.00, 'Spin & Win reward', 'completed', '', 0.00, '2025-11-30 11:33:53', NULL, NULL),
(502, 16, 'earn', 'task', 250.00, 'Spin & Win reward', 'completed', '', 0.00, '2025-11-30 11:33:59', NULL, NULL),
(503, 16, 'earn', 'task', 250.00, 'Spin & Win reward', 'completed', '', 0.00, '2025-11-30 11:34:05', NULL, NULL),
(504, 16, 'earn', 'task', 0.00, 'Spin & Win reward', 'completed', '', 0.00, '2025-11-30 11:34:11', NULL, NULL),
(505, 16, 'earn', 'task', 500.00, 'Spin & Win reward', 'completed', '', 0.00, '2025-11-30 11:34:17', NULL, NULL),
(506, 16, 'earn', 'task', 2500.00, 'Spin & Win reward', 'completed', '', 0.00, '2025-11-30 11:34:24', NULL, NULL),
(507, 16, 'earn', 'task', 2500.00, 'Spin & Win reward', 'completed', '', 0.00, '2025-11-30 11:34:30', NULL, NULL),
(508, 16, 'earn', 'task', 250.00, 'Spin & Win reward', 'completed', '', 0.00, '2025-11-30 11:34:38', NULL, NULL),
(509, 16, 'earn', 'task', 500.00, 'Spin & Win reward', 'completed', '', 0.00, '2025-11-30 11:34:44', NULL, NULL),
(510, 16, 'earn', 'task', 0.00, 'Spin & Win reward', 'completed', '', 0.00, '2025-11-30 11:34:50', NULL, NULL),
(511, 16, 'earn', 'task', 250.00, 'Spin & Win reward', 'completed', '', 0.00, '2025-11-30 11:34:58', NULL, NULL),
(512, 16, 'earn', 'task', 1000.00, 'Spin & Win reward', 'completed', '', 0.00, '2025-11-30 11:35:04', NULL, NULL),
(513, 16, 'earn', 'task', 250.00, 'Spin & Win reward', 'completed', '', 0.00, '2025-11-30 11:35:11', NULL, NULL),
(514, 16, 'earn', 'task', 0.00, 'Spin & Win reward', 'completed', '', 0.00, '2025-11-30 11:35:17', NULL, NULL),
(515, 16, 'earn', 'task', 0.00, 'Spin & Win reward', 'completed', '', 0.00, '2025-11-30 11:35:25', NULL, NULL),
(516, 16, 'earn', 'task', 500.00, 'Spin & Win reward', 'completed', '', 0.00, '2025-11-30 11:35:31', NULL, NULL),
(517, 16, 'earn', 'task', 5000.00, 'Spin & Win reward', 'completed', '', 0.00, '2025-11-30 11:35:37', NULL, NULL),
(518, 16, 'earn', 'task', 500.00, 'Spin & Win reward', 'completed', '', 0.00, '2025-11-30 11:35:45', NULL, NULL),
(519, 16, 'earn', 'task', 1000.00, 'Spin & Win reward', 'completed', '', 0.00, '2025-11-30 11:35:51', NULL, NULL),
(520, 16, 'earn', 'task', 1000.00, 'Spin & Win reward', 'completed', '', 0.00, '2025-11-30 11:35:58', NULL, NULL),
(521, 16, 'earn', 'task', 250.00, 'Spin & Win reward', 'completed', '', 0.00, '2025-11-30 11:36:07', NULL, NULL),
(522, 16, 'earn', 'task', 500.00, 'Spin & Win reward', 'completed', '', 0.00, '2025-11-30 11:37:32', NULL, NULL),
(523, 16, 'earn', 'task', 500.00, 'Spin & Win reward', 'completed', '', 0.00, '2025-11-30 11:37:38', NULL, NULL),
(524, 16, 'earn', 'task', 2000.00, 'Spin & Win reward', 'completed', '', 0.00, '2025-11-30 11:37:44', NULL, NULL),
(525, 16, 'earn', 'task', 0.00, 'Spin & Win reward', 'completed', '', 0.00, '2025-11-30 11:37:51', NULL, NULL),
(526, 16, 'earn', 'task', 500.00, 'Spin & Win reward', 'completed', '', 0.00, '2025-11-30 11:37:57', NULL, NULL),
(527, 16, 'earn', 'task', 2000.00, 'Spin & Win reward', 'completed', '', 0.00, '2025-11-30 11:38:04', NULL, NULL),
(528, 16, 'earn', 'task', 0.00, 'Spin & Win reward', 'completed', '', 0.00, '2025-11-30 11:38:10', NULL, NULL),
(529, 16, 'earn', 'task', 5000.00, 'Spin & Win reward', 'completed', '', 0.00, '2025-11-30 11:38:17', NULL, NULL),
(530, 16, 'earn', 'task', 500.00, 'Spin & Win reward', 'completed', '', 0.00, '2025-11-30 11:38:24', NULL, NULL),
(531, 16, 'earn', 'task', 0.00, 'Spin & Win reward', 'completed', '', 0.00, '2025-11-30 11:38:31', NULL, NULL),
(532, 16, 'earn', 'task', 0.00, 'Spin & Win reward', 'completed', '', 0.00, '2025-11-30 11:38:37', NULL, NULL),
(533, 16, 'earn', 'task', 2000.00, 'Spin & Win reward', 'completed', '', 0.00, '2025-11-30 11:38:44', NULL, NULL),
(534, 16, 'earn', 'task', 1000.00, 'Spin & Win reward', 'completed', '', 0.00, '2025-11-30 11:38:50', NULL, NULL),
(535, 16, 'earn', 'task', 0.00, 'Spin & Win reward', 'completed', '', 0.00, '2025-11-30 11:38:57', NULL, NULL),
(536, 16, 'earn', 'task', 500.00, 'Spin & Win reward', 'completed', '', 0.00, '2025-11-30 11:39:03', NULL, NULL),
(537, 16, 'earn', 'task', 0.00, 'Spin & Win reward', 'completed', '', 0.00, '2025-11-30 11:39:10', NULL, NULL),
(538, 16, 'earn', 'task', 500.00, 'Spin & Win reward', 'completed', '', 0.00, '2025-11-30 11:39:16', NULL, NULL),
(539, 16, 'earn', 'task', 0.00, 'Spin & Win reward', 'completed', '', 0.00, '2025-11-30 11:39:23', NULL, NULL),
(540, 16, 'earn', 'task', 1000.00, 'Spin & Win reward', 'completed', '', 0.00, '2025-11-30 11:39:29', NULL, NULL),
(541, 16, 'earn', 'task', 10000.00, 'Spin & Win reward', 'completed', '', 0.00, '2025-11-30 11:39:35', NULL, NULL),
(542, 16, 'earn', 'task', 500.00, 'Spin & Win reward', 'completed', '', 0.00, '2025-11-30 13:17:54', NULL, NULL),
(543, 16, 'earn', 'task', 0.00, 'Spin & Win reward', 'completed', '', 0.00, '2025-11-30 13:18:01', NULL, NULL),
(544, 16, 'earn', 'task', 500.00, 'Spin & Win reward', 'completed', '', 0.00, '2025-11-30 13:18:07', NULL, NULL),
(545, 16, 'earn', 'task', 1000.00, 'Spin & Win reward', 'completed', '', 0.00, '2025-11-30 13:18:15', NULL, NULL),
(546, 16, 'earn', 'task', 500.00, 'Spin & Win reward', 'completed', '', 0.00, '2025-11-30 13:18:21', NULL, NULL),
(547, 16, 'earn', 'task', 0.00, 'Spin & Win reward', 'completed', '', 0.00, '2025-11-30 13:18:28', NULL, NULL),
(548, 16, 'earn', 'task', 5000.00, 'Spin & Win reward', 'completed', '', 0.00, '2025-11-30 13:18:36', NULL, NULL),
(549, 16, 'earn', 'task', 0.00, 'Spin & Win reward', 'completed', '', 0.00, '2025-11-30 13:18:44', NULL, NULL),
(550, 16, 'earn', 'task', 500.00, 'Spin & Win reward', 'completed', '', 0.00, '2025-11-30 13:18:51', NULL, NULL),
(551, 16, 'earn', 'task', 0.00, 'Spin & Win reward', 'completed', '', 0.00, '2025-11-30 13:19:00', NULL, NULL),
(552, 16, 'earn', 'task', 1000.00, 'Spin & Win reward', 'completed', '', 0.00, '2025-11-30 13:19:06', NULL, NULL),
(553, 16, 'earn', 'task', 500.00, 'Spin & Win reward', 'completed', '', 0.00, '2025-11-30 13:19:12', NULL, NULL),
(554, 16, 'earn', 'task', 0.00, 'Spin & Win reward', 'completed', '', 0.00, '2025-11-30 13:19:18', NULL, NULL),
(555, 16, 'earn', 'task', 1000.00, 'Spin & Win reward', 'completed', '', 0.00, '2025-11-30 13:19:25', NULL, NULL),
(556, 16, 'earn', 'task', 1000.00, 'Spin & Win reward', 'completed', '', 0.00, '2025-11-30 13:19:32', NULL, NULL),
(557, 16, 'earn', 'task', 2000.00, 'Spin & Win reward', 'completed', '', 0.00, '2025-11-30 13:19:39', NULL, NULL),
(558, 16, 'earn', 'task', 1000.00, 'Spin & Win reward', 'completed', '', 0.00, '2025-11-30 13:19:45', NULL, NULL),
(559, 16, 'earn', 'task', 1000.00, 'Spin & Win reward', 'completed', '', 0.00, '2025-11-30 13:19:54', NULL, NULL),
(560, 16, 'earn', 'task', 1000.00, 'Spin & Win reward', 'completed', '', 0.00, '2025-11-30 13:20:05', NULL, NULL),
(561, 16, 'earn', 'task', 0.00, 'Spin & Win reward', 'completed', '', 0.00, '2025-11-30 13:20:12', NULL, NULL),
(562, 16, 'earn', 'task', 500.00, 'Spin & Win reward', 'completed', '', 0.00, '2025-11-30 13:20:18', NULL, NULL),
(563, 16, 'earn', 'task', 5000.00, 'Spin & Win reward', 'completed', '', 0.00, '2025-11-30 13:20:24', NULL, NULL),
(564, 16, 'earn', 'task', 0.00, 'Spin & Win reward', 'completed', '', 0.00, '2025-11-30 13:20:32', NULL, NULL),
(565, 16, 'earn', 'task', 0.00, 'Spin & Win reward', 'completed', '', 0.00, '2025-11-30 13:20:38', NULL, NULL),
(566, 16, 'earn', 'task', 1000.00, 'Spin & Win reward', 'completed', '', 0.00, '2025-11-30 13:20:45', NULL, NULL),
(567, 16, 'earn', 'task', 0.00, 'Spin & Win reward', 'completed', '', 0.00, '2025-11-30 13:20:51', NULL, NULL),
(568, 16, 'earn', 'task', 0.00, 'Spin & Win reward', 'completed', '', 0.00, '2025-11-30 13:20:57', NULL, NULL),
(569, 16, 'earn', 'task', 1000.00, 'Spin & Win reward', 'completed', '', 0.00, '2025-11-30 13:21:04', NULL, NULL),
(570, 16, 'earn', 'task', 500.00, 'Spin & Win reward', 'completed', '', 0.00, '2025-11-30 13:21:10', NULL, NULL),
(571, 16, 'earn', 'task', 0.00, 'Spin & Win reward', 'completed', '', 0.00, '2025-11-30 13:21:16', NULL, NULL),
(572, 16, 'earn', 'task', 2000.00, 'Spin & Win reward', 'completed', '', 0.00, '2025-11-30 13:21:23', NULL, NULL),
(573, 16, 'earn', 'task', 1000.00, 'Spin & Win reward', 'completed', '', 0.00, '2025-11-30 13:21:29', NULL, NULL),
(574, 16, 'earn', 'task', 2000.00, 'Spin & Win reward', 'completed', '', 0.00, '2025-11-30 13:21:36', NULL, NULL),
(575, 16, 'earn', 'task', 1000.00, 'Spin & Win reward', 'completed', '', 0.00, '2025-11-30 13:21:42', NULL, NULL),
(576, 16, 'earn', 'task', 0.00, 'Spin & Win reward', 'completed', '', 0.00, '2025-11-30 13:21:48', NULL, NULL),
(577, 16, 'earn', 'task', 1000.00, 'Spin & Win reward', 'completed', '', 0.00, '2025-11-30 13:21:54', NULL, NULL),
(578, 16, 'earn', 'task', 500.00, 'Spin & Win reward', 'completed', '', 0.00, '2025-11-30 13:22:00', NULL, NULL),
(579, 16, 'earn', 'task', 5000.00, 'Spin & Win reward', 'completed', '', 0.00, '2025-11-30 13:22:07', NULL, NULL),
(580, 16, 'earn', 'task', 500.00, 'Spin & Win reward', 'completed', '', 0.00, '2025-11-30 13:23:06', NULL, NULL),
(581, 16, 'earn', 'task', 1000.00, 'Spin & Win reward', 'completed', '', 0.00, '2025-11-30 13:23:13', NULL, NULL),
(582, 16, 'earn', 'task', 1000.00, 'Spin & Win reward', 'completed', '', 0.00, '2025-11-30 13:23:19', NULL, NULL),
(583, 16, 'earn', 'task', 1000.00, 'Spin & Win reward', 'completed', '', 0.00, '2025-11-30 13:23:25', NULL, NULL),
(584, 16, 'earn', 'task', 500.00, 'Spin & Win reward', 'completed', '', 0.00, '2025-11-30 13:23:31', NULL, NULL),
(585, 16, 'earn', 'task', 0.00, 'Spin & Win reward', 'completed', '', 0.00, '2025-11-30 13:23:37', NULL, NULL),
(586, 16, 'earn', 'task', 0.00, 'Spin & Win reward', 'completed', '', 0.00, '2025-11-30 13:23:44', NULL, NULL),
(587, 16, 'earn', 'task', 1000.00, 'Spin & Win reward', 'completed', '', 0.00, '2025-11-30 13:23:50', NULL, NULL),
(588, 16, 'earn', 'task', 500.00, 'Spin & Win reward', 'completed', '', 0.00, '2025-11-30 13:23:56', NULL, NULL),
(589, 16, 'earn', 'task', 1000.00, 'Spin & Win reward', 'completed', '', 0.00, '2025-11-30 13:24:02', NULL, NULL),
(590, 16, 'earn', 'task', 1000.00, 'Spin & Win reward', 'completed', '', 0.00, '2025-11-30 13:24:08', NULL, NULL),
(591, 16, 'earn', 'task', 1000.00, 'Spin & Win reward', 'completed', '', 0.00, '2025-11-30 13:24:14', NULL, NULL),
(592, 16, 'earn', 'task', 1000.00, 'Spin & Win reward', 'completed', '', 0.00, '2025-11-30 13:24:20', NULL, NULL),
(593, 16, 'earn', 'task', 5000.00, 'Spin & Win reward', 'completed', '', 0.00, '2025-11-30 13:24:26', NULL, NULL),
(594, 16, 'earn', 'task', 2000.00, 'Spin & Win reward', 'completed', '', 0.00, '2025-11-30 13:24:33', NULL, NULL),
(595, 16, 'earn', 'task', 500.00, 'Spin & Win reward', 'completed', '', 0.00, '2025-11-30 13:24:40', NULL, NULL),
(596, 16, 'earn', 'task', 1000.00, 'Spin & Win reward', 'completed', '', 0.00, '2025-11-30 13:24:46', NULL, NULL),
(597, 16, 'earn', 'task', 2000.00, 'Spin & Win reward', 'completed', '', 0.00, '2025-11-30 13:24:52', NULL, NULL),
(598, 16, 'earn', 'task', 500.00, 'Spin & Win reward', 'completed', '', 0.00, '2025-11-30 18:40:15', NULL, NULL),
(599, 16, 'earn', 'task', 2000.00, 'Spin & Win reward', 'completed', '', 0.00, '2025-11-30 18:40:21', NULL, NULL),
(600, 16, 'earn', 'task', 1000.00, 'Spin & Win reward', 'completed', '', 0.00, '2025-11-30 18:40:29', NULL, NULL),
(601, 16, 'earn', 'task', 500.00, 'Spin & Win reward', 'completed', '', 0.00, '2025-11-30 18:40:36', NULL, NULL),
(602, 16, 'earn', 'task', 1000.00, 'Spin & Win reward', 'completed', '', 0.00, '2025-11-30 18:40:43', NULL, NULL),
(603, 16, 'earn', 'task', 1000.00, 'Spin & Win reward', 'completed', '', 0.00, '2025-11-30 18:40:50', NULL, NULL),
(604, 16, 'earn', 'task', 2000.00, 'Spin & Win reward', 'completed', '', 0.00, '2025-11-30 18:40:56', NULL, NULL),
(605, 16, 'earn', 'task', 500.00, 'Spin & Win reward', 'completed', '', 0.00, '2025-11-30 18:41:03', NULL, NULL),
(606, 16, 'earn', 'task', 500.00, 'Spin & Win reward', 'completed', '', 0.00, '2025-11-30 18:41:09', NULL, NULL),
(607, 16, 'earn', 'task', 500.00, 'Spin & Win reward', 'completed', '', 0.00, '2025-11-30 18:41:17', NULL, NULL),
(608, 16, 'earn', 'task', 2000.00, 'Spin & Win reward', 'completed', '', 0.00, '2025-11-30 18:41:23', NULL, NULL),
(609, 16, 'earn', 'task', 1000.00, 'Spin & Win reward', 'completed', '', 0.00, '2025-11-30 18:41:31', NULL, NULL),
(610, 16, 'earn', 'task', 1000.00, 'Spin & Win reward', 'completed', '', 0.00, '2025-11-30 18:41:37', NULL, NULL),
(611, 16, 'earn', 'task', 500.00, 'Spin & Win reward', 'completed', '', 0.00, '2025-11-30 18:41:45', NULL, NULL),
(612, 16, 'earn', 'task', 0.00, 'Spin & Win reward', 'completed', '', 0.00, '2025-11-30 18:41:51', NULL, NULL),
(613, 16, 'earn', 'task', 500.00, 'Spin & Win reward', 'completed', '', 0.00, '2025-11-30 18:41:57', NULL, NULL),
(614, 16, 'earn', 'task', 1000.00, 'Spin & Win reward', 'completed', '', 0.00, '2025-11-30 18:42:03', NULL, NULL),
(615, 16, 'earn', 'task', 1000.00, 'Spin & Win reward', 'completed', '', 0.00, '2025-11-30 18:42:09', NULL, NULL),
(616, 16, 'earn', 'task', 1000.00, 'Spin & Win reward', 'completed', '', 0.00, '2025-11-30 18:42:18', NULL, NULL),
(617, 16, 'earn', 'task', 1000.00, 'Spin & Win reward', 'completed', '', 0.00, '2025-11-30 18:42:25', NULL, NULL),
(618, 16, 'earn', 'task', 1000.00, 'Spin & Win reward', 'completed', '', 0.00, '2025-11-30 18:42:31', NULL, NULL),
(619, 16, 'earn', 'task', 0.00, 'Spin & Win reward', 'completed', '', 0.00, '2025-11-30 18:42:37', NULL, NULL),
(620, 16, 'earn', 'task', 500.00, 'Spin & Win reward', 'completed', '', 0.00, '2025-11-30 18:42:43', NULL, NULL),
(621, 16, 'earn', 'task', 1000.00, 'Spin & Win reward', 'completed', '', 0.00, '2025-11-30 18:42:49', NULL, NULL),
(622, 16, 'earn', 'task', 0.00, 'Spin & Win reward', 'completed', '', 0.00, '2025-11-30 18:42:57', NULL, NULL),
(623, 16, 'earn', 'task', 500.00, 'Spin & Win reward', 'completed', '', 0.00, '2025-11-30 18:43:04', NULL, NULL),
(624, 16, 'earn', 'task', 0.00, 'Spin & Win reward', 'completed', '', 0.00, '2025-11-30 18:43:11', NULL, NULL),
(625, 16, 'earn', 'task', 5000.00, 'Spin & Win reward', 'completed', '', 0.00, '2025-11-30 18:43:21', NULL, NULL),
(626, 16, 'earn', 'task', 0.00, 'Spin & Win reward', 'completed', '', 0.00, '2025-11-30 18:43:29', NULL, NULL),
(627, 16, 'earn', 'task', 2000.00, 'Spin & Win reward', 'completed', '', 0.00, '2025-11-30 18:43:37', NULL, NULL),
(628, 16, 'earn', 'task', 1000.00, 'Spin & Win reward', 'completed', '', 0.00, '2025-11-30 18:43:44', NULL, NULL),
(629, 16, 'earn', 'task', 0.00, 'Spin & Win reward', 'completed', '', 0.00, '2025-11-30 18:43:50', NULL, NULL),
(630, 16, 'earn', 'task', 1000.00, 'Spin & Win reward', 'completed', '', 0.00, '2025-11-30 18:43:57', NULL, NULL),
(631, 16, 'earn', 'task', 2000.00, 'Spin & Win reward', 'completed', '', 0.00, '2025-11-30 18:44:08', NULL, NULL),
(632, 16, 'earn', 'task', 2000.00, 'Spin & Win reward', 'completed', '', 0.00, '2025-11-30 18:44:16', NULL, NULL),
(633, 16, 'earn', 'task', 0.00, 'Spin & Win reward', 'completed', '', 0.00, '2025-11-30 18:44:28', NULL, NULL),
(634, 16, 'earn', 'task', 1000.00, 'Spin & Win reward', 'completed', '', 0.00, '2025-11-30 18:44:34', NULL, NULL),
(635, 16, 'earn', 'task', 2000.00, 'Spin & Win reward', 'completed', '', 0.00, '2025-11-30 18:44:41', NULL, NULL),
(636, 16, 'earn', 'task', 1000.00, 'Spin & Win reward', 'completed', '', 0.00, '2025-11-30 18:44:49', NULL, NULL),
(637, 16, 'earn', 'task', 1250.00, 'Spin & Win reward', 'completed', '', 0.00, '2025-11-30 21:46:11', NULL, NULL),
(638, 16, 'earn', 'task', 0.00, 'Spin & Win reward', 'completed', '', 0.00, '2025-11-30 21:46:39', NULL, NULL),
(639, 16, 'earn', 'task', 1250.00, 'Spin & Win reward', 'completed', '', 0.00, '2025-11-30 21:46:45', NULL, NULL),
(640, 16, 'earn', 'task', 2500.00, 'Spin & Win reward', 'completed', '', 0.00, '2025-11-30 21:46:52', NULL, NULL),
(641, 16, 'earn', 'task', 0.00, 'Spin & Win reward', 'completed', '', 0.00, '2025-11-30 21:46:58', NULL, NULL),
(642, 16, 'earn', 'task', 0.00, 'Spin & Win reward', 'completed', '', 0.00, '2025-11-30 21:47:04', NULL, NULL),
(643, 16, 'earn', 'task', 5000.00, 'Spin & Win reward', 'completed', '', 0.00, '2025-11-30 21:47:13', NULL, NULL),
(644, 16, 'earn', 'task', 1250.00, 'Spin & Win reward', 'completed', '', 0.00, '2025-11-30 21:47:19', NULL, NULL),
(645, 16, 'earn', 'task', 2500.00, 'Spin & Win reward', 'completed', '', 0.00, '2025-11-30 21:47:26', NULL, NULL),
(646, 16, 'earn', 'task', 0.00, 'Spin & Win reward', 'completed', '', 0.00, '2025-11-30 21:47:32', NULL, NULL),
(647, 16, 'earn', 'task', 1250.00, 'Spin & Win reward', 'completed', '', 0.00, '2025-11-30 21:47:38', NULL, NULL),
(648, 16, 'earn', 'task', 0.00, 'Spin & Win reward', 'completed', '', 0.00, '2025-11-30 21:47:48', NULL, NULL),
(649, 16, 'earn', 'task', 5000.00, 'Spin & Win reward', 'completed', '', 0.00, '2025-11-30 21:47:54', NULL, NULL),
(650, 16, 'earn', 'task', 2500.00, 'Spin & Win reward', 'completed', '', 0.00, '2025-11-30 21:48:02', NULL, NULL),
(651, 16, 'earn', 'task', 2500.00, 'Spin & Win reward', 'completed', '', 0.00, '2025-11-30 21:48:11', NULL, NULL),
(652, 16, 'earn', 'task', 1250.00, 'Spin & Win reward', 'completed', '', 0.00, '2025-11-30 21:48:18', NULL, NULL),
(653, 16, 'earn', 'task', 1250.00, 'Spin & Win reward', 'completed', '', 0.00, '2025-11-30 21:48:27', NULL, NULL),
(654, 16, 'earn', 'task', 0.00, 'Spin & Win reward', 'completed', '', 0.00, '2025-11-30 21:48:36', NULL, NULL),
(655, 16, 'earn', 'task', 0.00, 'Spin & Win reward', 'completed', '', 0.00, '2025-11-30 21:48:42', NULL, NULL),
(656, 16, 'earn', 'task', 12500.00, 'Spin & Win reward', 'completed', '', 0.00, '2025-11-30 21:48:48', NULL, NULL),
(657, 16, 'earn', 'task', 5000.00, 'Spin & Win reward', 'completed', '', 0.00, '2025-11-30 21:49:10', NULL, NULL),
(658, 16, 'earn', 'task', 5000.00, 'Spin & Win reward', 'completed', '', 0.00, '2025-11-30 21:49:17', NULL, NULL),
(659, 16, 'earn', 'task', 0.00, 'Spin & Win reward', 'completed', '', 0.00, '2025-11-30 21:49:23', NULL, NULL),
(660, 16, 'earn', 'task', 1250.00, 'Spin & Win reward', 'completed', '', 0.00, '2025-11-30 21:49:29', NULL, NULL),
(661, 16, 'earn', 'task', 0.00, 'Spin & Win reward', 'completed', '', 0.00, '2025-11-30 21:49:37', NULL, NULL),
(662, 16, 'earn', 'task', 0.00, 'Spin & Win reward', 'completed', '', 0.00, '2025-11-30 21:49:43', NULL, NULL),
(663, 16, 'earn', 'task', 0.00, 'Spin & Win reward', 'completed', '', 0.00, '2025-11-30 21:49:49', NULL, NULL),
(664, 16, 'earn', 'task', 1250.00, 'Spin & Win reward', 'completed', '', 0.00, '2025-11-30 21:49:55', NULL, NULL),
(665, 16, 'earn', 'task', 0.00, 'Spin & Win reward', 'completed', '', 0.00, '2025-11-30 21:50:01', NULL, NULL),
(666, 16, 'earn', 'task', 1250.00, 'Spin & Win reward', 'completed', '', 0.00, '2025-11-30 21:50:07', NULL, NULL),
(667, 16, 'earn', 'task', 2500.00, 'Spin & Win reward', 'completed', '', 0.00, '2025-11-30 21:50:13', NULL, NULL),
(668, 16, 'earn', 'task', 5000.00, 'Spin & Win reward', 'completed', '', 0.00, '2025-11-30 21:50:19', NULL, NULL),
(669, 16, 'earn', 'task', 2500.00, 'Spin & Win reward', 'completed', '', 0.00, '2025-11-30 21:50:25', NULL, NULL),
(670, 16, 'earn', 'task', 1250.00, 'Spin & Win reward', 'completed', '', 0.00, '2025-11-30 21:50:32', NULL, NULL),
(671, 16, 'earn', 'task', 0.00, 'Spin & Win reward', 'completed', '', 0.00, '2025-11-30 21:50:38', NULL, NULL),
(672, 16, 'earn', 'task', 0.00, 'Spin & Win reward', 'completed', '', 0.00, '2025-11-30 21:50:44', NULL, NULL),
(673, 16, 'earn', 'task', 0.00, 'Spin & Win reward', 'completed', '', 0.00, '2025-11-30 21:50:50', NULL, NULL),
(674, 16, 'earn', 'task', 1250.00, 'Spin & Win reward', 'completed', '', 0.00, '2025-11-30 21:50:56', NULL, NULL),
(675, 16, 'earn', 'task', 12500.00, 'Spin & Win reward', 'completed', '', 0.00, '2025-11-30 21:51:02', NULL, NULL),
(676, 16, 'earn', 'task', 0.00, 'Spin & Win reward', 'completed', '', 0.00, '2025-11-30 21:51:09', NULL, NULL),
(677, 16, 'earn', 'task', 0.00, 'Spin & Win reward', 'completed', '', 0.00, '2025-11-30 21:51:15', NULL, NULL),
(678, 16, 'earn', 'task', 12500.00, 'Spin & Win reward', 'completed', '', 0.00, '2025-11-30 21:51:21', NULL, NULL),
(679, 16, 'earn', 'task', 2500.00, 'Spin & Win reward', 'completed', '', 0.00, '2025-11-30 21:51:27', NULL, NULL),
(680, 16, 'earn', 'task', 1250.00, 'Spin & Win reward', 'completed', '', 0.00, '2025-11-30 21:51:34', NULL, NULL),
(681, 16, 'earn', 'task', 0.00, 'Spin & Win reward', 'completed', '', 0.00, '2025-11-30 21:51:40', NULL, NULL),
(682, 16, 'earn', 'task', 1250.00, 'Spin & Win reward', 'completed', '', 0.00, '2025-11-30 21:51:47', NULL, NULL),
(683, 16, 'earn', 'task', 1250.00, 'Spin & Win reward', 'completed', '', 0.00, '2025-11-30 21:51:53', NULL, NULL),
(684, 16, 'earn', 'task', 2500.00, 'Spin & Win reward', 'completed', '', 0.00, '2025-11-30 21:51:59', NULL, NULL),
(685, 16, 'earn', 'task', 5000.00, 'Spin & Win reward', 'completed', '', 0.00, '2025-11-30 21:52:05', NULL, NULL),
(686, 16, 'earn', 'task', 0.00, 'Spin & Win reward', 'completed', '', 0.00, '2025-11-30 21:52:11', NULL, NULL),
(687, 16, 'earn', 'task', 0.00, 'Spin & Win reward', 'completed', '', 0.00, '2025-11-30 21:52:18', NULL, NULL),
(688, 16, 'earn', 'task', 1250.00, 'Spin & Win reward', 'completed', '', 0.00, '2025-11-30 21:52:25', NULL, NULL),
(689, 16, 'earn', 'task', 1250.00, 'Spin & Win reward', 'completed', '', 0.00, '2025-11-30 21:52:31', NULL, NULL),
(690, 16, 'earn', 'task', 1250.00, 'Spin & Win reward', 'completed', '', 0.00, '2025-11-30 21:52:37', NULL, NULL),
(691, 16, 'earn', 'task', 5000.00, 'Spin & Win reward', 'completed', '', 0.00, '2025-11-30 21:52:44', NULL, NULL),
(692, 16, 'earn', 'task', 1250.00, 'Spin & Win reward', 'completed', '', 0.00, '2025-11-30 21:52:51', NULL, NULL),
(693, 16, 'earn', 'task', 1250.00, 'Spin & Win reward', 'completed', '', 0.00, '2025-11-30 21:52:57', NULL, NULL),
(694, 16, 'earn', 'task', 0.00, 'Spin & Win reward', 'completed', '', 0.00, '2025-11-30 21:53:03', NULL, NULL),
(695, 16, 'earn', 'task', 2500.00, 'Spin & Win reward', 'completed', '', 0.00, '2025-11-30 21:53:10', NULL, NULL),
(696, 16, 'earn', 'task', 5000.00, 'Spin & Win reward', 'completed', '', 0.00, '2025-11-30 21:53:17', NULL, NULL),
(697, 16, 'earn', 'task', 0.00, 'Spin & Win reward', 'completed', '', 0.00, '2025-11-30 21:53:23', NULL, NULL),
(698, 16, 'earn', 'task', 0.00, 'Spin & Win reward', 'completed', '', 0.00, '2025-11-30 21:53:29', NULL, NULL),
(699, 16, 'earn', 'task', 12500.00, 'Spin & Win reward', 'completed', '', 0.00, '2025-11-30 21:53:35', NULL, NULL),
(700, 16, 'earn', 'task', 2000.00, 'Spin & Win reward', 'completed', '', 0.00, '2025-11-30 21:53:57', NULL, NULL),
(701, 16, 'earn', 'task', 5000.00, 'Spin & Win reward', 'completed', '', 0.00, '2025-11-30 21:54:03', NULL, NULL),
(702, 16, 'earn', 'task', 1000.00, 'Spin & Win reward', 'completed', '', 0.00, '2025-11-30 21:54:09', NULL, NULL),
(703, 16, 'earn', 'task', 0.00, 'Spin & Win reward', 'completed', '', 0.00, '2025-11-30 21:54:15', NULL, NULL),
(704, 16, 'earn', 'task', 2000.00, 'Spin & Win reward', 'completed', '', 0.00, '2025-11-30 21:54:22', NULL, NULL),
(705, 16, 'earn', 'task', 5000.00, 'Spin & Win reward', 'completed', '', 0.00, '2025-11-30 21:54:29', NULL, NULL),
(706, 16, 'earn', 'task', 0.00, 'Spin & Win reward', 'completed', '', 0.00, '2025-11-30 21:54:35', NULL, NULL),
(707, 16, 'earn', 'task', 0.00, 'Spin & Win reward', 'completed', '', 0.00, '2025-11-30 21:54:41', NULL, NULL),
(708, 16, 'earn', 'task', 500.00, 'Spin & Win reward', 'completed', '', 0.00, '2025-11-30 21:54:47', NULL, NULL),
(709, 16, 'earn', 'task', 1000.00, 'Spin & Win reward', 'completed', '', 0.00, '2025-11-30 21:54:53', NULL, NULL),
(710, 16, 'earn', 'task', 2000.00, 'Spin & Win reward', 'completed', '', 0.00, '2025-11-30 21:54:59', NULL, NULL),
(711, 16, 'earn', 'task', 500.00, 'Spin & Win reward', 'completed', '', 0.00, '2025-11-30 21:55:06', NULL, NULL),
(712, 16, 'earn', 'task', 2000.00, 'Spin & Win reward', 'completed', '', 0.00, '2025-11-30 21:55:12', NULL, NULL),
(713, 16, 'earn', 'task', 500.00, 'Spin & Win reward', 'completed', '', 0.00, '2025-11-30 21:55:18', NULL, NULL),
(714, 16, 'earn', 'task', 500.00, 'Spin & Win reward', 'completed', '', 0.00, '2025-11-30 21:55:24', NULL, NULL),
(715, 16, 'earn', 'task', 2000.00, 'Spin & Win reward', 'completed', '', 0.00, '2025-11-30 21:55:30', NULL, NULL),
(716, 16, 'earn', 'task', 0.00, 'Spin & Win reward', 'completed', '', 0.00, '2025-11-30 21:55:36', NULL, NULL),
(717, 16, 'earn', 'task', 5000.00, 'Spin & Win reward', 'completed', '', 0.00, '2025-11-30 21:55:44', NULL, NULL),
(718, 16, 'earn', 'task', 500.00, 'Spin & Win reward', 'completed', '', 0.00, '2025-11-30 21:55:52', NULL, NULL),
(719, 16, 'earn', 'task', 1000.00, 'Spin & Win reward', 'completed', '', 0.00, '2025-11-30 21:55:58', NULL, NULL),
(720, 16, 'earn', 'task', 1000.00, 'Spin & Win reward', 'completed', '', 0.00, '2025-11-30 21:56:05', NULL, NULL),
(721, 16, 'earn', 'task', 500.00, 'Spin & Win reward', 'completed', '', 0.00, '2025-11-30 21:56:11', NULL, NULL),
(722, 16, 'earn', 'task', 0.00, 'Spin & Win reward', 'completed', '', 0.00, '2025-11-30 21:56:17', NULL, NULL),
(723, 16, 'earn', 'task', 0.00, 'Spin & Win reward', 'completed', '', 0.00, '2025-11-30 21:56:23', NULL, NULL),
(724, 16, 'earn', 'task', 0.00, 'Spin & Win reward', 'completed', '', 0.00, '2025-11-30 21:56:29', NULL, NULL),
(725, 16, 'earn', 'task', 500.00, 'Spin & Win reward', 'completed', '', 0.00, '2025-11-30 21:56:36', NULL, NULL),
(726, 16, 'earn', 'task', 0.00, 'Spin & Win reward', 'completed', '', 0.00, '2025-11-30 21:56:42', NULL, NULL),
(727, 16, 'earn', 'task', 0.00, 'Spin & Win reward', 'completed', '', 0.00, '2025-11-30 21:56:48', NULL, NULL),
(728, 16, 'earn', 'task', 2000.00, 'Spin & Win reward', 'completed', '', 0.00, '2025-11-30 21:56:55', NULL, NULL),
(729, 16, 'earn', 'task', 2000.00, 'Spin & Win reward', 'completed', '', 0.00, '2025-11-30 21:57:01', NULL, NULL),
(730, 16, 'earn', 'task', 500.00, 'Spin & Win reward', 'completed', '', 0.00, '2025-11-30 21:57:11', NULL, NULL),
(731, 16, 'earn', 'task', 500.00, 'Spin & Win reward', 'completed', '', 0.00, '2025-11-30 21:57:17', NULL, NULL),
(732, 16, 'earn', 'task', 1000.00, 'Spin & Win reward', 'completed', '', 0.00, '2025-11-30 21:57:23', NULL, NULL),
(733, 16, 'earn', 'task', 0.00, 'Spin & Win reward', 'completed', '', 0.00, '2025-11-30 21:57:30', NULL, NULL),
(734, 16, 'earn', 'task', 0.00, 'Spin & Win reward', 'completed', '', 0.00, '2025-11-30 21:57:36', NULL, NULL),
(735, 16, 'earn', 'task', 1000.00, 'Spin & Win reward', 'completed', '', 0.00, '2025-11-30 21:57:42', NULL, NULL),
(736, 16, 'earn', 'task', 0.00, 'Spin & Win reward', 'completed', '', 0.00, '2025-11-30 21:57:48', NULL, NULL),
(737, 16, 'earn', 'task', 500.00, 'Spin & Win reward', 'completed', '', 0.00, '2025-11-30 21:57:55', NULL, NULL),
(738, 16, 'earn', 'task', 5000.00, 'Spin & Win reward', 'completed', '', 0.00, '2025-11-30 21:58:01', NULL, NULL),
(739, 16, 'earn', 'task', 1000.00, 'Spin & Win reward', 'completed', '', 0.00, '2025-11-30 21:58:07', NULL, NULL),
(740, 16, 'earn', 'task', 5000.00, 'Spin & Win reward', 'completed', '', 0.00, '2025-11-30 21:58:13', NULL, NULL),
(741, 16, 'earn', 'task', 500.00, 'Spin & Win reward', 'completed', '', 0.00, '2025-11-30 21:58:20', NULL, NULL),
(742, 16, 'earn', 'task', 500.00, 'Spin & Win reward', 'completed', '', 0.00, '2025-11-30 21:58:28', NULL, NULL),
(743, 16, 'earn', 'task', 1000.00, 'Spin & Win reward', 'completed', '', 0.00, '2025-11-30 21:58:34', NULL, NULL),
(744, 16, 'earn', 'task', 0.00, 'Spin & Win reward', 'completed', '', 0.00, '2025-11-30 21:58:41', NULL, NULL),
(745, 16, 'earn', 'task', 500.00, 'Spin & Win reward', 'completed', '', 0.00, '2025-11-30 21:58:47', NULL, NULL),
(746, 16, 'earn', 'task', 5000.00, 'Spin & Win reward', 'completed', '', 0.00, '2025-11-30 21:58:53', NULL, NULL),
(747, 16, 'earn', 'task', 2000.00, 'Spin & Win reward', 'completed', '', 0.00, '2025-11-30 21:58:59', NULL, NULL),
(748, 16, 'earn', 'task', 500.00, 'Spin & Win reward', 'completed', '', 0.00, '2025-11-30 21:59:06', NULL, NULL),
(749, 16, 'earn', 'task', 2000.00, 'Spin & Win reward', 'completed', '', 0.00, '2025-11-30 21:59:12', NULL, NULL),
(750, 16, 'earn', 'task', 500.00, 'Spin & Win reward', 'completed', '', 0.00, '2025-11-30 21:59:18', NULL, NULL),
(751, 16, 'earn', 'task', 0.00, 'Spin & Win reward', 'completed', '', 0.00, '2025-11-30 21:59:25', NULL, NULL),
(752, 16, 'earn', 'task', 1000.00, 'Spin & Win reward', 'completed', '', 0.00, '2025-11-30 21:59:30', NULL, NULL),
(753, 16, 'earn', 'task', 0.00, 'Spin & Win reward', 'completed', '', 0.00, '2025-11-30 21:59:37', NULL, NULL),
(754, 16, 'earn', 'task', 0.00, 'Spin & Win reward', 'completed', '', 0.00, '2025-11-30 21:59:43', NULL, NULL),
(755, 16, 'earn', 'task', 0.00, 'Spin & Win reward', 'completed', '', 0.00, '2025-11-30 21:59:49', NULL, NULL),
(756, 16, 'earn', 'task', 0.00, 'Spin & Win reward', 'completed', '', 0.00, '2025-11-30 21:59:55', NULL, NULL),
(757, 16, 'earn', 'task', 2000.00, 'Spin & Win reward', 'completed', '', 0.00, '2025-11-30 22:00:01', NULL, NULL),
(758, 16, 'earn', 'task', 500.00, 'Spin & Win reward', 'completed', '', 0.00, '2025-11-30 22:00:07', NULL, NULL),
(759, 16, 'earn', 'task', 5000.00, 'Spin & Win reward', 'completed', '', 0.00, '2025-11-30 22:00:13', NULL, NULL),
(760, 16, 'earn', 'task', 500.00, 'Spin & Win reward', 'completed', '', 0.00, '2025-11-30 22:00:20', NULL, NULL),
(761, 16, 'earn', 'task', 0.00, 'Spin & Win reward', 'completed', '', 0.00, '2025-11-30 22:00:26', NULL, NULL),
(762, 16, 'earn', 'task', 5000.00, 'Spin & Win reward', 'completed', '', 0.00, '2025-11-30 22:00:32', NULL, NULL),
(763, 16, 'earn', 'task', 0.00, 'Spin & Win reward', 'completed', '', 0.00, '2025-11-30 22:00:39', NULL, NULL),
(764, 16, 'earn', 'task', 0.00, 'Spin & Win reward', 'completed', '', 0.00, '2025-11-30 22:00:45', NULL, NULL),
(765, 16, 'earn', 'task', 0.00, 'Spin & Win reward', 'completed', '', 0.00, '2025-11-30 22:00:51', NULL, NULL),
(766, 16, 'earn', 'task', 2000.00, 'Spin & Win reward', 'completed', '', 0.00, '2025-11-30 22:00:57', NULL, NULL),
(767, 16, 'earn', 'task', 500.00, 'Spin & Win reward', 'completed', '', 0.00, '2025-11-30 22:01:04', NULL, NULL),
(768, 16, 'earn', 'task', 0.00, 'Spin & Win reward', 'completed', '', 0.00, '2025-11-30 22:01:10', NULL, NULL),
(769, 16, 'earn', 'task', 10000.00, 'Spin & Win reward', 'completed', '', 0.00, '2025-11-30 22:01:17', NULL, NULL),
(770, 16, 'earn', 'task', 0.00, 'Spin & Win reward', 'completed', '', 0.00, '2025-11-30 22:01:27', NULL, NULL),
(771, 16, 'earn', 'task', 1000.00, 'Spin & Win reward', 'completed', '', 0.00, '2025-11-30 22:01:33', NULL, NULL),
(772, 16, 'earn', 'task', 0.00, 'Spin & Win reward', 'completed', '', 0.00, '2025-11-30 22:01:39', NULL, NULL),
(773, 16, 'earn', 'task', 5000.00, 'Spin & Win reward', 'completed', '', 0.00, '2025-11-30 22:03:41', NULL, NULL),
(774, 16, 'earn', 'task', 1000.00, 'Spin & Win reward', 'completed', '', 0.00, '2025-11-30 22:03:47', NULL, NULL),
(775, 16, 'earn', 'task', 0.00, 'Spin & Win reward', 'completed', '', 0.00, '2025-11-30 22:03:53', NULL, NULL),
(776, 16, 'earn', 'task', 1000.00, 'Spin & Win reward', 'completed', '', 0.00, '2025-11-30 22:03:59', NULL, NULL),
(777, 16, 'earn', 'task', 0.00, 'Spin & Win reward', 'completed', '', 0.00, '2025-11-30 22:04:06', NULL, NULL),
(778, 16, 'earn', 'task', 0.00, 'Spin & Win reward', 'completed', '', 0.00, '2025-11-30 22:04:12', NULL, NULL),
(779, 16, 'earn', 'task', 5000.00, 'Spin & Win reward', 'completed', '', 0.00, '2025-11-30 22:04:18', NULL, NULL),
(780, 16, 'earn', 'task', 2000.00, 'Spin & Win reward', 'completed', '', 0.00, '2025-12-01 09:53:59', NULL, NULL),
(781, 16, 'earn', 'task', 500.00, 'Spin & Win reward', 'completed', '', 0.00, '2025-12-01 09:54:05', NULL, NULL),
(782, 16, 'earn', 'task', 500.00, 'Spin & Win reward', 'completed', '', 0.00, '2025-12-01 09:54:11', NULL, NULL),
(783, 16, 'earn', 'task', 500.00, 'Spin & Win reward', 'completed', '', 0.00, '2025-12-01 09:54:17', NULL, NULL),
(784, 16, 'earn', 'task', 0.00, 'Spin & Win reward', 'completed', '', 0.00, '2025-12-01 09:54:23', NULL, NULL),
(785, 16, 'earn', 'task', 0.00, 'Spin & Win reward', 'completed', '', 0.00, '2025-12-01 09:54:29', NULL, NULL),
(786, 16, 'earn', 'task', 5000.00, 'Spin & Win reward', 'completed', '', 0.00, '2025-12-01 09:54:36', NULL, NULL),
(787, 16, 'earn', 'task', 500.00, 'Spin & Win reward', 'completed', '', 0.00, '2025-12-01 09:54:42', NULL, NULL),
(788, 16, 'earn', 'task', 0.00, 'Spin & Win reward', 'completed', '', 0.00, '2025-12-01 09:54:48', NULL, NULL),
(789, 16, 'earn', 'task', 1000.00, 'Spin & Win reward', 'completed', '', 0.00, '2025-12-01 09:54:54', NULL, NULL),
(790, 16, 'earn', 'task', 0.00, 'Spin & Win reward', 'completed', '', 0.00, '2025-12-01 09:55:03', NULL, NULL),
(791, 16, 'earn', 'task', 0.00, 'Spin & Win reward', 'completed', '', 0.00, '2025-12-01 09:55:09', NULL, NULL),
(792, 16, 'earn', 'task', 6500.00, 'Spin & Win reward', 'completed', '', 0.00, '2025-12-01 09:55:20', NULL, NULL),
(793, 111, 'earn', 'task', 150.00, 'Welcome bonus', 'completed', '', 0.00, '2025-12-01 16:21:57', NULL, NULL),
(794, 16, 'earn', 'task', 0.00, 'Spin & Win reward', 'completed', '', 0.00, '2025-12-01 16:24:18', NULL, NULL),
(795, 16, 'earn', 'task', 4000.00, 'Spin & Win reward', 'completed', '', 0.00, '2025-12-01 16:24:24', NULL, NULL),
(796, 16, 'earn', 'task', 4000.00, 'Spin & Win reward', 'completed', '', 0.00, '2025-12-01 16:24:31', NULL, NULL),
(797, 16, 'earn', 'task', 0.00, 'Spin & Win reward', 'completed', '', 0.00, '2025-12-01 16:24:38', NULL, NULL),
(798, 16, 'earn', 'task', 2000.00, 'Spin & Win reward', 'completed', '', 0.00, '2025-12-01 16:24:44', NULL, NULL),
(799, 16, 'earn', 'task', 1000.00, 'Spin & Win reward', 'completed', '', 0.00, '2025-12-01 16:24:52', NULL, NULL),
(800, 16, 'earn', 'task', 4000.00, 'Spin & Win reward', 'completed', '', 0.00, '2025-12-01 16:24:58', NULL, NULL),
(801, 16, 'earn', 'task', 20000.00, 'Spin & Win reward', 'completed', '', 0.00, '2025-12-01 16:25:04', NULL, NULL),
(802, 16, 'earn', 'task', 0.00, 'Spin & Win reward', 'completed', '', 0.00, '2025-12-01 16:25:23', NULL, NULL),
(803, 16, 'earn', 'task', 1000.00, 'Spin & Win reward', 'completed', '', 0.00, '2025-12-01 16:25:29', NULL, NULL),
(804, 16, 'earn', 'task', 0.00, 'Spin & Win reward', 'completed', '', 0.00, '2025-12-01 16:25:38', NULL, NULL),
(805, 16, 'earn', 'task', 500.00, 'Spin & Win reward', 'completed', '', 0.00, '2025-12-01 16:25:45', NULL, NULL),
(806, 16, 'earn', 'task', 0.00, 'Spin & Win reward', 'completed', '', 0.00, '2025-12-01 16:25:52', NULL, NULL),
(807, 16, 'earn', 'task', 1000.00, 'Spin & Win reward', 'completed', '', 0.00, '2025-12-01 16:25:59', NULL, NULL),
(808, 16, 'earn', 'task', 500.00, 'Spin & Win reward', 'completed', '', 0.00, '2025-12-01 16:26:06', NULL, NULL),
(809, 16, 'earn', 'task', 0.00, 'Spin & Win reward', 'completed', '', 0.00, '2025-12-01 16:26:11', NULL, NULL),
(810, 16, 'earn', 'task', 1000.00, 'Spin & Win reward', 'completed', '', 0.00, '2025-12-01 16:26:18', NULL, NULL),
(811, 16, 'earn', 'task', 2000.00, 'Spin & Win reward', 'completed', '', 0.00, '2025-12-01 16:26:24', NULL, NULL),
(812, 16, 'earn', 'task', 500.00, 'Spin & Win reward', 'completed', '', 0.00, '2025-12-01 16:26:31', NULL, NULL),
(813, 16, 'earn', 'task', 500.00, 'Spin & Win reward', 'completed', '', 0.00, '2025-12-01 16:26:37', NULL, NULL),
(814, 16, 'earn', 'task', 0.00, 'Spin & Win reward', 'completed', '', 0.00, '2025-12-01 16:26:44', NULL, NULL),
(815, 16, 'earn', 'task', 1000.00, 'Spin & Win reward', 'completed', '', 0.00, '2025-12-01 16:26:50', NULL, NULL),
(816, 16, 'earn', 'task', 0.00, 'Spin & Win reward', 'completed', '', 0.00, '2025-12-01 16:26:57', NULL, NULL),
(817, 16, 'earn', 'task', 500.00, 'Spin & Win reward', 'completed', '', 0.00, '2025-12-01 16:27:03', NULL, NULL),
(818, 16, 'earn', 'task', 500.00, 'Spin & Win reward', 'completed', '', 0.00, '2025-12-01 16:27:09', NULL, NULL),
(819, 16, 'earn', 'task', 0.00, 'Spin & Win reward', 'completed', '', 0.00, '2025-12-01 16:27:16', NULL, NULL),
(820, 16, 'earn', 'task', 0.00, 'Spin & Win reward', 'completed', '', 0.00, '2025-12-01 16:27:22', NULL, NULL),
(821, 16, 'earn', 'task', 1000.00, 'Spin & Win reward', 'completed', '', 0.00, '2025-12-01 16:27:27', NULL, NULL),
(822, 16, 'earn', 'task', 2000.00, 'Spin & Win reward', 'completed', '', 0.00, '2025-12-01 16:27:33', NULL, NULL),
(823, 16, 'earn', 'task', 0.00, 'Spin & Win reward', 'completed', '', 0.00, '2025-12-01 16:27:39', NULL, NULL),
(824, 16, 'earn', 'task', 0.00, 'Spin & Win reward', 'completed', '', 0.00, '2025-12-01 16:27:45', NULL, NULL),
(825, 16, 'earn', 'task', 2000.00, 'Spin & Win reward', 'completed', '', 0.00, '2025-12-01 16:27:52', NULL, NULL),
(826, 16, 'earn', 'task', 0.00, 'Spin & Win reward', 'completed', '', 0.00, '2025-12-01 16:27:58', NULL, NULL),
(827, 16, 'earn', 'task', 0.00, 'Spin & Win reward', 'completed', '', 0.00, '2025-12-01 16:28:04', NULL, NULL),
(828, 16, 'earn', 'task', 2000.00, 'Spin & Win reward', 'completed', '', 0.00, '2025-12-01 16:28:12', NULL, NULL),
(829, 16, 'earn', 'task', 2000.00, 'Spin & Win reward', 'completed', '', 0.00, '2025-12-01 16:28:18', NULL, NULL),
(830, 16, 'earn', 'task', 1000.00, 'Spin & Win reward', 'completed', '', 0.00, '2025-12-01 16:28:28', NULL, NULL),
(831, 16, 'earn', 'task', 0.00, 'Spin & Win reward', 'completed', '', 0.00, '2025-12-01 16:28:39', NULL, NULL),
(832, 16, 'earn', 'task', 0.00, 'Spin & Win reward', 'completed', '', 0.00, '2025-12-01 16:28:45', NULL, NULL),
(833, 16, 'earn', 'task', 2000.00, 'Spin & Win reward', 'completed', '', 0.00, '2025-12-01 16:28:51', NULL, NULL),
(834, 16, 'earn', 'task', 0.00, 'Spin & Win reward', 'completed', '', 0.00, '2025-12-01 16:28:57', NULL, NULL),
(835, 16, 'earn', 'task', 5000.00, 'Spin & Win reward', 'completed', '', 0.00, '2025-12-01 16:29:04', NULL, NULL),
(836, 16, 'earn', 'task', 0.00, 'Spin & Win reward', 'completed', '', 0.00, '2025-12-01 16:29:10', NULL, NULL),
(837, 16, 'earn', 'task', 5000.00, 'Spin & Win reward', 'completed', '', 0.00, '2025-12-01 16:29:17', NULL, NULL),
(838, 16, 'earn', 'task', 1000.00, 'Spin & Win reward', 'completed', '', 0.00, '2025-12-01 16:29:23', NULL, NULL),
(839, 16, 'earn', 'task', 2000.00, 'Spin & Win reward', 'completed', '', 0.00, '2025-12-01 16:29:29', NULL, NULL),
(840, 16, 'earn', 'task', 0.00, 'Spin & Win reward', 'completed', '', 0.00, '2025-12-01 16:29:36', NULL, NULL),
(841, 16, 'earn', 'task', 500.00, 'Spin & Win reward', 'completed', '', 0.00, '2025-12-01 16:29:42', NULL, NULL),
(842, 16, 'earn', 'task', 1000.00, 'Spin & Win reward', 'completed', '', 0.00, '2025-12-01 16:29:49', NULL, NULL),
(843, 16, 'earn', 'task', 500.00, 'Spin & Win reward', 'completed', '', 0.00, '2025-12-01 16:29:55', NULL, NULL),
(844, 16, 'earn', 'task', 5000.00, 'Spin & Win reward', 'completed', '', 0.00, '2025-12-01 16:30:01', NULL, NULL),
(845, 16, 'earn', 'task', 2000.00, 'Spin & Win reward', 'completed', '', 0.00, '2025-12-01 16:30:08', NULL, NULL),
(846, 16, 'earn', 'task', 0.00, 'Spin & Win reward', 'completed', '', 0.00, '2025-12-01 16:30:14', NULL, NULL),
(847, 16, 'earn', 'task', 2000.00, 'Spin & Win reward', 'completed', '', 0.00, '2025-12-01 16:30:23', NULL, NULL),
(848, 16, 'earn', 'task', 0.00, 'Spin & Win reward', 'completed', '', 0.00, '2025-12-01 18:11:12', NULL, NULL),
(849, 16, 'earn', 'task', 0.00, 'Spin & Win reward', 'completed', '', 0.00, '2025-12-01 18:11:18', NULL, NULL),
(850, 16, 'earn', 'task', 500.00, 'Spin & Win reward', 'completed', '', 0.00, '2025-12-01 18:11:24', NULL, NULL),
(851, 16, 'earn', 'task', 1000.00, 'Spin & Win reward', 'completed', '', 0.00, '2025-12-01 18:11:30', NULL, NULL),
(852, 16, 'earn', 'task', 0.00, 'Spin & Win reward', 'completed', '', 0.00, '2025-12-01 18:11:36', NULL, NULL),
(853, 16, 'earn', 'task', 1000.00, 'Spin & Win reward', 'completed', '', 0.00, '2025-12-01 18:11:42', NULL, NULL),
(854, 16, 'earn', 'task', 0.00, 'Spin & Win reward', 'completed', '', 0.00, '2025-12-01 18:11:54', NULL, NULL),
(855, 16, 'earn', 'task', 5000.00, 'Spin & Win reward', 'completed', '', 0.00, '2025-12-01 18:12:00', NULL, NULL),
(856, 16, 'earn', 'task', 0.00, 'Spin & Win reward', 'completed', '', 0.00, '2025-12-03 22:36:32', NULL, NULL),
(857, 16, 'earn', 'task', 1500.00, 'Spin & Win reward', 'completed', '', 0.00, '2025-12-03 22:36:38', NULL, NULL),
(858, 16, 'earn', 'task', 0.00, 'Spin & Win reward', 'completed', '', 0.00, '2025-12-03 22:36:47', NULL, NULL),
(859, 16, 'earn', 'task', 0.00, 'Spin & Win reward', 'completed', '', 0.00, '2025-12-03 22:36:53', NULL, NULL),
(860, 16, 'earn', 'task', 0.00, 'Spin & Win reward', 'completed', '', 0.00, '2025-12-03 22:37:00', NULL, NULL),
(861, 16, 'earn', 'task', 1500.00, 'Spin & Win reward', 'completed', '', 0.00, '2025-12-03 22:37:07', NULL, NULL),
(862, 16, 'earn', 'task', 15000.00, 'Spin & Win reward', 'completed', '', 0.00, '2025-12-03 22:37:14', NULL, NULL),
(863, 16, 'earn', 'task', 6000.00, 'Spin & Win reward', 'completed', '', 0.00, '2025-12-03 22:37:21', NULL, NULL),
(864, 16, 'earn', 'task', 0.00, 'Spin & Win reward', 'completed', '', 0.00, '2025-12-03 22:37:30', NULL, NULL),
(865, 16, 'earn', 'task', 6000.00, 'Spin & Win reward', 'completed', '', 0.00, '2025-12-03 22:37:38', NULL, NULL),
(866, 16, 'earn', 'task', 0.00, 'Spin & Win reward', 'completed', '', 0.00, '2025-12-03 22:37:45', NULL, NULL),
(867, 16, 'earn', 'task', 6000.00, 'Spin & Win reward', 'completed', '', 0.00, '2025-12-03 22:37:52', NULL, NULL),
(868, 16, 'earn', 'task', 0.00, 'Spin & Win reward', 'completed', '', 0.00, '2025-12-03 22:37:58', NULL, NULL),
(869, 16, 'earn', 'task', 1500.00, 'Spin & Win reward', 'completed', '', 0.00, '2025-12-03 22:38:05', NULL, NULL),
(870, 16, 'earn', 'task', 0.00, 'Spin & Win reward', 'completed', '', 0.00, '2025-12-03 22:38:19', NULL, NULL),
(871, 16, 'earn', 'task', 1500.00, 'Spin & Win reward', 'completed', '', 0.00, '2025-12-03 22:38:26', NULL, NULL),
(872, 16, 'earn', 'task', 1500.00, 'Spin & Win reward', 'completed', '', 0.00, '2025-12-03 22:38:36', NULL, NULL),
(873, 16, 'earn', 'task', 0.00, 'Spin & Win reward', 'completed', '', 0.00, '2025-12-03 22:38:48', NULL, NULL),
(874, 16, 'earn', 'task', 0.00, 'Spin & Win reward', 'completed', '', 0.00, '2025-12-03 22:38:55', NULL, NULL),
(875, 16, 'earn', 'task', 1500.00, 'Spin & Win reward', 'completed', '', 0.00, '2025-12-03 22:39:02', NULL, NULL),
(876, 16, 'earn', 'task', 3000.00, 'Spin & Win reward', 'completed', '', 0.00, '2025-12-03 22:39:13', NULL, NULL),
(877, 16, 'earn', 'task', 15000.00, 'Spin & Win reward', 'completed', '', 0.00, '2025-12-03 22:39:19', NULL, NULL),
(878, 16, 'earn', 'task', 0.00, 'Spin & Win reward', 'completed', '', 0.00, '2025-12-03 22:39:26', NULL, NULL),
(879, 16, 'earn', 'task', 1500.00, 'Spin & Win reward', 'completed', '', 0.00, '2025-12-03 22:39:36', NULL, NULL),
(880, 16, 'earn', 'task', 6000.00, 'Spin & Win reward', 'completed', '', 0.00, '2025-12-03 22:39:42', NULL, NULL),
(881, 16, 'earn', 'task', 3000.00, 'Spin & Win reward', 'completed', '', 0.00, '2025-12-03 22:39:49', NULL, NULL),
(882, 16, 'earn', 'task', 1500.00, 'Spin & Win reward', 'completed', '', 0.00, '2025-12-03 22:39:57', NULL, NULL),
(883, 16, 'earn', 'task', 15000.00, 'Spin & Win reward', 'completed', '', 0.00, '2025-12-03 22:40:06', NULL, NULL),
(884, 16, 'earn', 'task', 1500.00, 'Spin & Win reward', 'completed', '', 0.00, '2025-12-03 22:40:14', NULL, NULL),
(885, 16, 'earn', 'task', 6000.00, 'Spin & Win reward', 'completed', '', 0.00, '2025-12-03 22:40:20', NULL, NULL),
(886, 16, 'earn', 'task', 15000.00, 'Spin & Win reward', 'completed', '', 0.00, '2025-12-03 22:40:27', NULL, NULL),
(887, 112, 'earn', 'task', 150.00, 'Welcome bonus', 'completed', '', 0.00, '2025-12-04 15:58:47', NULL, NULL),
(888, 16, 'earn', 'task', 7000.00, 'Spin & Win reward', 'completed', '', 0.00, '2025-12-06 00:51:14', NULL, NULL),
(889, 16, 'earn', 'task', 0.00, 'Spin & Win reward', 'completed', '', 0.00, '2025-12-06 00:51:21', NULL, NULL),
(890, 16, 'earn', 'task', 0.00, 'Spin & Win reward', 'completed', '', 0.00, '2025-12-06 00:51:28', NULL, NULL),
(891, 16, 'earn', 'task', 7000.00, 'Spin & Win reward', 'completed', '', 0.00, '2025-12-06 00:51:34', NULL, NULL),
(892, 16, 'earn', 'task', 3500.00, 'Spin & Win reward', 'completed', '', 0.00, '2025-12-06 00:51:43', NULL, NULL),
(893, 16, 'earn', 'task', 7000.00, 'Spin & Win reward', 'completed', '', 0.00, '2025-12-06 00:51:51', NULL, NULL),
(894, 16, 'earn', 'task', 0.00, 'Spin & Win reward', 'completed', '', 0.00, '2025-12-06 00:51:58', NULL, NULL),
(895, 16, 'earn', 'task', 3500.00, 'Spin & Win reward', 'completed', '', 0.00, '2025-12-06 00:52:05', NULL, NULL);
INSERT INTO `transactions` (`id`, `user_id`, `type`, `source`, `amount`, `description`, `status`, `reference`, `balance_after`, `created_at`, `related_user_id`, `level`) VALUES
(896, 16, 'earn', 'task', 1750.00, 'Spin & Win reward', 'completed', '', 0.00, '2025-12-06 00:52:11', NULL, NULL),
(897, 16, 'earn', 'task', 0.00, 'Spin & Win reward', 'completed', '', 0.00, '2025-12-06 00:52:18', NULL, NULL),
(898, 16, 'earn', 'task', 0.00, 'Spin & Win reward', 'completed', '', 0.00, '2025-12-06 00:52:24', NULL, NULL),
(899, 16, 'earn', 'task', 7000.00, 'Spin & Win reward', 'completed', '', 0.00, '2025-12-06 00:52:31', NULL, NULL),
(900, 16, 'earn', 'task', 7000.00, 'Spin & Win reward', 'completed', '', 0.00, '2025-12-06 00:52:41', NULL, NULL),
(901, 16, 'earn', 'task', 1750.00, 'Spin & Win reward', 'completed', '', 0.00, '2025-12-06 00:52:48', NULL, NULL),
(902, 16, 'earn', 'task', 0.00, 'Spin & Win reward', 'completed', '', 0.00, '2025-12-06 00:52:55', NULL, NULL),
(903, 16, 'earn', 'task', 0.00, 'Spin & Win reward', 'completed', '', 0.00, '2025-12-06 00:53:02', NULL, NULL),
(904, 16, 'earn', 'task', 0.00, 'Spin & Win reward', 'completed', '', 0.00, '2025-12-06 00:53:08', NULL, NULL),
(905, 16, 'earn', 'task', 7000.00, 'Spin & Win reward', 'completed', '', 0.00, '2025-12-06 00:53:14', NULL, NULL),
(906, 16, 'earn', 'task', 0.00, 'Spin & Win reward', 'completed', '', 0.00, '2025-12-06 00:53:20', NULL, NULL),
(907, 16, 'earn', 'task', 1750.00, 'Spin & Win reward', 'completed', '', 0.00, '2025-12-06 00:53:26', NULL, NULL),
(908, 16, 'earn', 'task', 0.00, 'Spin & Win reward', 'completed', '', 0.00, '2025-12-06 00:53:34', NULL, NULL),
(909, 16, 'earn', 'task', 1750.00, 'Spin & Win reward', 'completed', '', 0.00, '2025-12-06 00:53:40', NULL, NULL),
(910, 16, 'earn', 'task', 0.00, 'Spin & Win reward', 'completed', '', 0.00, '2025-12-06 00:53:47', NULL, NULL),
(911, 16, 'earn', 'task', 1750.00, 'Spin & Win reward', 'completed', '', 0.00, '2025-12-06 00:53:53', NULL, NULL),
(912, 16, 'earn', 'task', 1750.00, 'Spin & Win reward', 'completed', '', 0.00, '2025-12-06 00:53:59', NULL, NULL),
(913, 16, 'earn', 'task', 1750.00, 'Spin & Win reward', 'completed', '', 0.00, '2025-12-06 00:54:05', NULL, NULL),
(914, 16, 'earn', 'task', 3500.00, 'Spin & Win reward', 'completed', '', 0.00, '2025-12-06 00:54:12', NULL, NULL),
(915, 16, 'earn', 'task', 1750.00, 'Spin & Win reward', 'completed', '', 0.00, '2025-12-06 00:54:19', NULL, NULL),
(916, 16, 'earn', 'task', 3500.00, 'Spin & Win reward', 'completed', '', 0.00, '2025-12-06 00:54:25', NULL, NULL),
(917, 16, 'earn', 'task', 1750.00, 'Spin & Win reward', 'completed', '', 0.00, '2025-12-06 00:54:32', NULL, NULL),
(918, 16, 'earn', 'task', 0.00, 'Spin & Win reward', 'completed', '', 0.00, '2025-12-06 00:54:38', NULL, NULL),
(919, 16, 'earn', 'task', 3500.00, 'Spin & Win reward', 'completed', '', 0.00, '2025-12-06 00:54:44', NULL, NULL),
(920, 16, 'earn', 'task', 0.00, 'Spin & Win reward', 'completed', '', 0.00, '2025-12-06 00:54:51', NULL, NULL),
(921, 16, 'earn', 'task', 0.00, 'Spin & Win reward', 'completed', '', 0.00, '2025-12-06 00:54:57', NULL, NULL),
(922, 16, 'earn', 'task', 3500.00, 'Spin & Win reward', 'completed', '', 0.00, '2025-12-06 00:55:03', NULL, NULL),
(923, 16, 'earn', 'task', 17500.00, 'Spin & Win reward', 'completed', '', 0.00, '2025-12-06 00:55:10', NULL, NULL),
(924, 16, 'earn', 'task', 7000.00, 'Spin & Win reward', 'completed', '', 0.00, '2025-12-06 00:55:17', NULL, NULL),
(925, 16, 'earn', 'task', 7000.00, 'Spin & Win reward', 'completed', '', 0.00, '2025-12-06 00:55:23', NULL, NULL),
(926, 16, 'earn', 'task', 3500.00, 'Spin & Win reward', 'completed', '', 0.00, '2025-12-06 00:55:29', NULL, NULL),
(927, 16, 'earn', 'task', 1750.00, 'Spin & Win reward', 'completed', '', 0.00, '2025-12-06 00:55:35', NULL, NULL),
(928, 16, 'earn', 'task', 1750.00, 'Spin & Win reward', 'completed', '', 0.00, '2025-12-06 00:55:41', NULL, NULL),
(929, 16, 'earn', 'task', 0.00, 'Spin & Win reward', 'completed', '', 0.00, '2025-12-06 00:55:48', NULL, NULL),
(930, 16, 'earn', 'task', 17500.00, 'Spin & Win reward', 'completed', '', 0.00, '2025-12-06 00:55:55', NULL, NULL),
(931, 16, 'earn', 'task', 0.00, 'Spin & Win reward', 'completed', '', 0.00, '2025-12-06 00:56:03', NULL, NULL),
(932, 16, 'earn', 'task', 3500.00, 'Spin & Win reward', 'completed', '', 0.00, '2025-12-06 00:56:09', NULL, NULL),
(933, 16, 'earn', 'task', 0.00, 'Spin & Win reward', 'completed', '', 0.00, '2025-12-06 00:56:16', NULL, NULL),
(934, 16, 'earn', 'task', 0.00, 'Spin & Win reward', 'completed', '', 0.00, '2025-12-06 00:56:22', NULL, NULL),
(935, 16, 'earn', 'task', 17500.00, 'Spin & Win reward', 'completed', '', 0.00, '2025-12-06 00:56:28', NULL, NULL),
(936, 16, 'earn', 'task', 3500.00, 'Spin & Win reward', 'completed', '', 0.00, '2025-12-06 00:56:36', NULL, NULL),
(937, 16, 'earn', 'task', 1750.00, 'Spin & Win reward', 'completed', '', 0.00, '2025-12-06 00:56:42', NULL, NULL),
(938, 16, 'earn', 'task', 1750.00, 'Spin & Win reward', 'completed', '', 0.00, '2025-12-06 00:56:49', NULL, NULL),
(939, 16, 'earn', 'task', 1750.00, 'Spin & Win reward', 'completed', '', 0.00, '2025-12-06 00:56:58', NULL, NULL),
(940, 16, 'earn', 'task', 0.00, 'Spin & Win reward', 'completed', '', 0.00, '2025-12-06 00:57:05', NULL, NULL),
(941, 16, 'earn', 'task', 0.00, 'Spin & Win reward', 'completed', '', 0.00, '2025-12-06 00:57:11', NULL, NULL),
(942, 16, 'earn', 'task', 0.00, 'Spin & Win reward', 'completed', '', 0.00, '2025-12-06 00:57:17', NULL, NULL),
(943, 16, 'earn', 'task', 0.00, 'Spin & Win reward', 'completed', '', 0.00, '2025-12-06 00:57:23', NULL, NULL),
(944, 16, 'earn', 'task', 0.00, 'Spin & Win reward', 'completed', '', 0.00, '2025-12-06 00:57:29', NULL, NULL),
(945, 16, 'earn', 'task', 1750.00, 'Spin & Win reward', 'completed', '', 0.00, '2025-12-06 00:57:35', NULL, NULL),
(946, 16, 'earn', 'task', 7000.00, 'Spin & Win reward', 'completed', '', 0.00, '2025-12-06 00:57:41', NULL, NULL),
(947, 16, 'earn', 'task', 3500.00, 'Spin & Win reward', 'completed', '', 0.00, '2025-12-06 00:57:47', NULL, NULL),
(948, 16, 'earn', 'task', 0.00, 'Spin & Win reward', 'completed', '', 0.00, '2025-12-06 00:57:54', NULL, NULL),
(949, 16, 'earn', 'task', 0.00, 'Spin & Win reward', 'completed', '', 0.00, '2025-12-06 00:58:00', NULL, NULL),
(950, 16, 'earn', 'task', 1750.00, 'Spin & Win reward', 'completed', '', 0.00, '2025-12-06 00:58:06', NULL, NULL),
(951, 16, 'earn', 'task', 1750.00, 'Spin & Win reward', 'completed', '', 0.00, '2025-12-06 00:58:12', NULL, NULL),
(952, 16, 'earn', 'task', 1750.00, 'Spin & Win reward', 'completed', '', 0.00, '2025-12-06 00:58:18', NULL, NULL),
(953, 16, 'earn', 'task', 0.00, 'Spin & Win reward', 'completed', '', 0.00, '2025-12-06 00:58:24', NULL, NULL),
(954, 16, 'earn', 'task', 1750.00, 'Spin & Win reward', 'completed', '', 0.00, '2025-12-06 00:58:30', NULL, NULL),
(955, 16, 'earn', 'task', 0.00, 'Spin & Win reward', 'completed', '', 0.00, '2025-12-06 00:58:36', NULL, NULL),
(956, 16, 'earn', 'task', 1750.00, 'Spin & Win reward', 'completed', '', 0.00, '2025-12-06 00:58:42', NULL, NULL),
(957, 16, 'earn', 'task', 17500.00, 'Spin & Win reward', 'completed', '', 0.00, '2025-12-06 00:58:50', NULL, NULL),
(958, 16, 'earn', 'task', 7000.00, 'Spin & Win reward', 'completed', '', 0.00, '2025-12-06 00:58:57', NULL, NULL),
(959, 16, 'earn', 'task', 0.00, 'Spin & Win reward', 'completed', '', 0.00, '2025-12-06 00:59:06', NULL, NULL),
(960, 16, 'earn', 'task', 1750.00, 'Spin & Win reward', 'completed', '', 0.00, '2025-12-06 00:59:12', NULL, NULL),
(961, 16, 'earn', 'task', 17500.00, 'Spin & Win reward', 'completed', '', 0.00, '2025-12-06 00:59:18', NULL, NULL),
(962, 16, 'earn', 'task', 3500.00, 'Spin & Win reward', 'completed', '', 0.00, '2025-12-06 00:59:25', NULL, NULL),
(963, 16, 'earn', 'task', 1750.00, 'Spin & Win reward', 'completed', '', 0.00, '2025-12-06 00:59:32', NULL, NULL),
(964, 16, 'earn', 'task', 3500.00, 'Spin & Win reward', 'completed', '', 0.00, '2025-12-06 00:59:38', NULL, NULL),
(965, 16, 'earn', 'task', 1750.00, 'Spin & Win reward', 'completed', '', 0.00, '2025-12-06 00:59:45', NULL, NULL),
(966, 16, 'earn', 'task', 17500.00, 'Spin & Win reward', 'completed', '', 0.00, '2025-12-06 00:59:51', NULL, NULL),
(967, 16, 'earn', 'task', 3500.00, 'Spin & Win reward', 'completed', '', 0.00, '2025-12-06 00:59:58', NULL, NULL),
(968, 16, 'earn', 'task', 7000.00, 'Spin & Win reward', 'completed', '', 0.00, '2025-12-06 01:00:04', NULL, NULL),
(969, 16, 'earn', 'task', 0.00, 'Spin & Win reward', 'completed', '', 0.00, '2025-12-06 01:00:10', NULL, NULL),
(970, 16, 'earn', 'task', 0.00, 'Spin & Win reward', 'completed', '', 0.00, '2025-12-06 01:00:16', NULL, NULL),
(971, 16, 'earn', 'task', 1750.00, 'Spin & Win reward', 'completed', '', 0.00, '2025-12-06 01:00:22', NULL, NULL),
(972, 16, 'earn', 'task', 3500.00, 'Spin & Win reward', 'completed', '', 0.00, '2025-12-06 01:00:29', NULL, NULL),
(973, 16, 'earn', 'task', 3500.00, 'Spin & Win reward', 'completed', '', 0.00, '2025-12-06 01:00:35', NULL, NULL),
(974, 16, 'earn', 'task', 1750.00, 'Spin & Win reward', 'completed', '', 0.00, '2025-12-06 01:00:41', NULL, NULL),
(975, 112, '', 'task', 2000.00, '', 'pending', 'ACT_693983957e6c1', 0.00, '2025-12-10 17:28:39', NULL, NULL),
(976, 112, '', 'task', 2000.00, '', 'pending', 'ACT_6939b8148d5e9', 0.00, '2025-12-10 21:12:39', NULL, NULL),
(977, 113, 'earn', 'task', 150.00, 'Welcome bonus', 'completed', '', 0.00, '2025-12-17 09:40:02', NULL, NULL),
(978, 19, '', 'task', 4000.00, '', 'pending', 'ACT_694af64d42d31', 0.00, '2025-12-23 23:06:38', NULL, NULL),
(979, 114, 'earn', 'task', 150.00, 'Welcome bonus', 'completed', '', 0.00, '2025-12-31 13:29:24', NULL, NULL),
(980, 115, 'earn', 'task', 150.00, 'Welcome bonus', 'completed', '', 0.00, '2025-12-31 18:02:33', NULL, NULL),
(981, 116, 'earn', 'task', 150.00, 'Welcome bonus', 'completed', '', 0.00, '2026-01-01 10:24:59', NULL, NULL),
(982, 117, 'earn', 'task', 150.00, 'Welcome bonus', 'completed', '', 0.00, '2026-01-02 19:33:53', NULL, NULL),
(983, 16, 'earn', 'task', 0.00, 'Spin & Win reward', 'completed', '', 0.00, '2026-01-03 14:41:51', NULL, NULL),
(984, 16, 'earn', 'task', 25.00, 'Spin & Win reward', 'completed', '', 0.00, '2026-01-03 14:41:59', NULL, NULL),
(985, 16, 'earn', 'task', 50.00, 'Spin & Win reward', 'completed', '', 0.00, '2026-01-03 14:42:06', NULL, NULL),
(986, 16, 'earn', 'task', 0.00, 'Spin & Win reward', 'completed', '', 0.00, '2026-01-03 14:42:18', NULL, NULL),
(987, 16, 'earn', 'task', 50.00, 'Spin & Win reward', 'completed', '', 0.00, '2026-01-03 14:42:25', NULL, NULL),
(988, 16, 'earn', 'task', 100.00, 'Spin & Win reward', 'completed', '', 0.00, '2026-01-03 14:42:33', NULL, NULL),
(989, 16, 'earn', 'task', 25.00, 'Spin & Win reward', 'completed', '', 0.00, '2026-01-03 14:42:43', NULL, NULL),
(990, 16, 'earn', 'task', 50.00, 'Spin & Win reward', 'completed', '', 0.00, '2026-01-03 14:42:51', NULL, NULL),
(991, 16, 'earn', 'task', 25.00, 'Spin & Win reward', 'completed', '', 0.00, '2026-01-03 14:42:59', NULL, NULL),
(992, 16, 'earn', 'task', 25.00, 'Spin & Win reward', 'completed', '', 0.00, '2026-01-03 14:43:05', NULL, NULL),
(993, 16, 'earn', 'task', 100.00, 'Spin & Win reward', 'completed', '', 0.00, '2026-01-03 14:43:14', NULL, NULL),
(994, 118, 'earn', 'task', 150.00, 'Welcome bonus', 'completed', '', 0.00, '2026-01-28 12:30:12', NULL, NULL),
(995, 119, 'earn', 'task', 150.00, 'Welcome bonus', 'completed', '', 0.00, '2026-01-29 13:59:19', NULL, NULL),
(996, 120, 'earn', 'task', 150.00, 'Welcome bonus', 'completed', '', 0.00, '2026-01-29 16:25:59', NULL, NULL),
(997, 16, 'earn', 'task', 250.00, 'Spin & Win reward', 'completed', '', 0.00, '2026-01-30 10:38:23', NULL, NULL),
(998, 16, 'earn', 'task', 0.00, 'Spin & Win reward', 'completed', '', 0.00, '2026-01-30 10:38:35', NULL, NULL),
(999, 16, 'earn', 'task', 1000.00, 'Spin & Win reward', 'completed', '', 0.00, '2026-01-30 10:38:44', NULL, NULL),
(1000, 16, 'earn', 'task', 0.00, 'Spin & Win reward', 'completed', '', 0.00, '2026-01-30 10:38:55', NULL, NULL),
(1001, 16, 'earn', 'task', 2000.00, 'Spin & Win reward', 'completed', '', 0.00, '2026-01-30 10:39:07', NULL, NULL),
(1002, 16, 'earn', 'task', 1000.00, 'Spin & Win reward', 'completed', '', 0.00, '2026-01-30 10:39:18', NULL, NULL),
(1003, 16, 'earn', 'task', 1000.00, 'Spin & Win reward', 'completed', '', 0.00, '2026-01-30 10:39:29', NULL, NULL),
(1004, 16, 'earn', 'task', 0.00, 'Spin & Win reward', 'completed', '', 0.00, '2026-01-30 10:39:42', NULL, NULL),
(1005, 16, 'earn', 'task', 0.00, 'Spin & Win reward', 'completed', '', 0.00, '2026-01-30 10:39:53', NULL, NULL),
(1006, 16, 'earn', 'task', 0.00, 'Spin & Win reward', 'completed', '', 0.00, '2026-01-30 10:40:12', NULL, NULL),
(1007, 16, 'earn', 'task', 10000.00, 'Spin & Win reward', 'completed', '', 0.00, '2026-01-30 10:40:23', NULL, NULL),
(1008, 16, 'earn', 'task', 500.00, 'Spin & Win reward', 'completed', '', 0.00, '2026-01-30 10:40:34', NULL, NULL),
(1009, 16, 'earn', 'task', 1100.00, 'Spin & Win reward', 'completed', '', 0.00, '2026-01-30 10:40:50', NULL, NULL),
(1010, 16, 'earn', 'task', 1100.00, 'Spin & Win reward', 'completed', '', 0.00, '2026-01-30 10:41:02', NULL, NULL),
(1011, 16, 'earn', 'task', 0.00, 'Spin & Win reward', 'completed', '', 0.00, '2026-01-30 10:41:13', NULL, NULL),
(1012, 16, 'earn', 'task', 0.00, 'Spin & Win reward', 'completed', '', 0.00, '2026-01-30 10:41:25', NULL, NULL),
(1013, 16, 'earn', 'task', 2200.00, 'Spin & Win reward', 'completed', '', 0.00, '2026-01-30 10:41:33', NULL, NULL),
(1014, 16, 'earn', 'task', 550.00, 'Spin & Win reward', 'completed', '', 0.00, '2026-01-30 10:41:42', NULL, NULL),
(1015, 16, 'earn', 'task', 1100.00, 'Spin & Win reward', 'completed', '', 0.00, '2026-01-30 10:41:50', NULL, NULL),
(1016, 16, 'earn', 'task', 1100.00, 'Spin & Win reward', 'completed', '', 0.00, '2026-01-30 10:42:11', NULL, NULL),
(1017, 16, 'earn', 'task', 0.00, 'Spin & Win reward', 'completed', '', 0.00, '2026-01-30 10:42:19', NULL, NULL),
(1018, 16, 'earn', 'task', 5500.00, 'Spin & Win reward', 'completed', '', 0.00, '2026-01-30 10:42:31', NULL, NULL),
(1019, 16, 'earn', 'task', 550.00, 'Spin & Win reward', 'completed', '', 0.00, '2026-01-30 10:42:39', NULL, NULL),
(1020, 16, 'earn', 'task', 0.00, 'Spin & Win reward', 'completed', '', 0.00, '2026-01-30 10:42:46', NULL, NULL),
(1021, 16, 'earn', 'task', 550.00, 'Spin & Win reward', 'completed', '', 0.00, '2026-01-30 10:42:53', NULL, NULL),
(1022, 16, 'earn', 'task', 1100.00, 'Spin & Win reward', 'completed', '', 0.00, '2026-01-30 10:43:02', NULL, NULL),
(1023, 16, 'earn', 'task', 11000.00, 'Spin & Win reward', 'completed', '', 0.00, '2026-01-30 10:43:08', NULL, NULL),
(1024, 16, 'earn', 'task', 0.00, 'Spin & Win reward', 'completed', '', 0.00, '2026-01-30 10:43:16', NULL, NULL),
(1025, 16, 'earn', 'task', 1100.00, 'Spin & Win reward', 'completed', '', 0.00, '2026-01-30 10:43:25', NULL, NULL),
(1026, 16, 'earn', 'task', 1100.00, 'Spin & Win reward', 'completed', '', 0.00, '2026-01-30 10:43:33', NULL, NULL),
(1027, 16, 'earn', 'task', 550.00, 'Spin & Win reward', 'completed', '', 0.00, '2026-01-30 10:43:40', NULL, NULL),
(1028, 16, 'earn', 'task', 0.00, 'Spin & Win reward', 'completed', '', 0.00, '2026-01-30 10:43:47', NULL, NULL),
(1029, 16, 'earn', 'task', 0.00, 'Spin & Win reward', 'completed', '', 0.00, '2026-01-30 10:43:55', NULL, NULL),
(1030, 16, 'earn', 'task', 2200.00, 'Spin & Win reward', 'completed', '', 0.00, '2026-01-30 10:44:02', NULL, NULL),
(1031, 16, 'earn', 'task', 550.00, 'Spin & Win reward', 'completed', '', 0.00, '2026-01-30 10:44:17', NULL, NULL),
(1032, 16, 'earn', 'task', 550.00, 'Spin & Win reward', 'completed', '', 0.00, '2026-01-30 10:44:30', NULL, NULL),
(1033, 16, 'earn', 'task', 1100.00, 'Spin & Win reward', 'completed', '', 0.00, '2026-01-30 10:44:38', NULL, NULL),
(1034, 16, 'earn', 'task', 550.00, 'Spin & Win reward', 'completed', '', 0.00, '2026-01-30 10:44:49', NULL, NULL),
(1035, 16, 'earn', 'task', 1100.00, 'Spin & Win reward', 'completed', '', 0.00, '2026-01-30 10:45:09', NULL, NULL),
(1036, 16, 'earn', 'task', 1100.00, 'Spin & Win reward', 'completed', '', 0.00, '2026-01-30 10:45:18', NULL, NULL),
(1037, 16, 'earn', 'task', 550.00, 'Spin & Win reward', 'completed', '', 0.00, '2026-01-30 10:45:28', NULL, NULL),
(1038, 16, 'earn', 'task', 5500.00, 'Spin & Win reward', 'completed', '', 0.00, '2026-01-30 10:45:35', NULL, NULL),
(1039, 16, 'earn', 'task', 550.00, 'Spin & Win reward', 'completed', '', 0.00, '2026-01-30 10:45:42', NULL, NULL),
(1040, 16, 'earn', 'task', 5500.00, 'Spin & Win reward', 'completed', '', 0.00, '2026-01-30 10:45:50', NULL, NULL),
(1041, 16, 'earn', 'task', 0.00, 'Spin & Win reward', 'completed', '', 0.00, '2026-01-30 10:45:58', NULL, NULL),
(1042, 16, 'earn', 'task', 5500.00, 'Spin & Win reward', 'completed', '', 0.00, '2026-01-30 10:46:06', NULL, NULL),
(1043, 16, 'earn', 'task', 0.00, 'Spin & Win reward', 'completed', '', 0.00, '2026-01-30 10:46:14', NULL, NULL),
(1044, 16, 'earn', 'task', 2200.00, 'Spin & Win reward', 'completed', '', 0.00, '2026-01-30 10:46:21', NULL, NULL),
(1045, 16, 'earn', 'task', 5500.00, 'Spin & Win reward', 'completed', '', 0.00, '2026-01-30 10:46:29', NULL, NULL),
(1046, 16, 'earn', 'task', 0.00, 'Spin & Win reward', 'completed', '', 0.00, '2026-01-30 10:46:37', NULL, NULL),
(1047, 16, 'earn', 'task', 2200.00, 'Spin & Win reward', 'completed', '', 0.00, '2026-01-30 10:46:44', NULL, NULL),
(1048, 16, 'earn', 'task', 1100.00, 'Spin & Win reward', 'completed', '', 0.00, '2026-01-30 10:46:53', NULL, NULL),
(1049, 16, 'earn', 'task', 0.00, 'Spin & Win reward', 'completed', '', 0.00, '2026-01-30 10:47:01', NULL, NULL),
(1050, 16, 'earn', 'task', 0.00, 'Spin & Win reward', 'completed', '', 0.00, '2026-01-30 10:47:08', NULL, NULL),
(1051, 16, 'earn', 'task', 0.00, 'Spin & Win reward', 'completed', '', 0.00, '2026-01-30 10:47:17', NULL, NULL),
(1052, 16, 'earn', 'task', 2200.00, 'Spin & Win reward', 'completed', '', 0.00, '2026-01-30 10:47:25', NULL, NULL),
(1053, 16, 'earn', 'task', 0.00, 'Spin & Win reward', 'completed', '', 0.00, '2026-01-30 10:47:32', NULL, NULL),
(1054, 16, 'earn', 'task', 0.00, 'Spin & Win reward', 'completed', '', 0.00, '2026-01-30 10:47:39', NULL, NULL),
(1055, 16, 'earn', 'task', 2200.00, 'Spin & Win reward', 'completed', '', 0.00, '2026-01-30 10:47:46', NULL, NULL),
(1056, 16, 'earn', 'task', 2200.00, 'Spin & Win reward', 'completed', '', 0.00, '2026-01-30 10:47:53', NULL, NULL),
(1057, 16, 'earn', 'task', 1100.00, 'Spin & Win reward', 'completed', '', 0.00, '2026-01-30 10:48:00', NULL, NULL),
(1058, 16, 'earn', 'task', 550.00, 'Spin & Win reward', 'completed', '', 0.00, '2026-01-30 10:48:07', NULL, NULL),
(1059, 121, 'earn', 'task', 150.00, 'Welcome bonus', 'completed', '', 0.00, '2026-01-30 11:38:25', NULL, NULL),
(1060, 122, 'earn', 'task', 150.00, 'Welcome bonus', 'completed', '', 0.00, '2026-01-30 12:19:30', NULL, NULL),
(1061, 16, 'earn', 'task', 4000.00, 'Spin & Win reward', 'completed', '', 0.00, '2026-01-31 11:55:33', NULL, NULL),
(1062, 16, 'earn', 'task', 0.00, 'Spin & Win reward', 'completed', '', 0.00, '2026-01-31 11:55:40', NULL, NULL),
(1063, 16, 'earn', 'task', 10000.00, 'Spin & Win reward', 'completed', '', 0.00, '2026-01-31 11:55:47', NULL, NULL),
(1064, 16, 'earn', 'task', 10000.00, 'Spin & Win reward', 'completed', '', 0.00, '2026-01-31 11:55:57', NULL, NULL),
(1065, 16, 'earn', 'task', 0.00, 'Spin & Win reward', 'completed', '', 0.00, '2026-01-31 11:56:06', NULL, NULL),
(1066, 16, 'earn', 'task', 1000.00, 'Spin & Win reward', 'completed', '', 0.00, '2026-01-31 11:56:12', NULL, NULL),
(1067, 16, 'earn', 'task', 0.00, 'Spin & Win reward', 'completed', '', 0.00, '2026-01-31 11:56:19', NULL, NULL),
(1068, 16, 'earn', 'task', 0.00, 'Spin & Win reward', 'completed', '', 0.00, '2026-01-31 11:56:25', NULL, NULL),
(1069, 16, 'earn', 'task', 0.00, 'Spin & Win reward', 'completed', '', 0.00, '2026-01-31 11:56:32', NULL, NULL),
(1070, 16, 'earn', 'task', 4000.00, 'Spin & Win reward', 'completed', '', 0.00, '2026-01-31 11:56:39', NULL, NULL),
(1071, 16, 'earn', 'task', 1000.00, 'Spin & Win reward', 'completed', '', 0.00, '2026-01-31 11:56:45', NULL, NULL),
(1072, 16, 'earn', 'task', 2000.00, 'Spin & Win reward', 'completed', '', 0.00, '2026-01-31 11:56:52', NULL, NULL),
(1073, 16, 'earn', 'task', 1000.00, 'Spin & Win reward', 'completed', '', 0.00, '2026-01-31 11:57:00', NULL, NULL),
(1074, 16, 'earn', 'task', 4000.00, 'Spin & Win reward', 'completed', '', 0.00, '2026-01-31 11:57:06', NULL, NULL),
(1075, 16, 'earn', 'task', 0.00, 'Spin & Win reward', 'completed', '', 0.00, '2026-01-31 11:57:14', NULL, NULL),
(1076, 16, 'earn', 'task', 4000.00, 'Spin & Win reward', 'completed', '', 0.00, '2026-01-31 11:57:21', NULL, NULL),
(1077, 16, 'earn', 'task', 0.00, 'Spin & Win reward', 'completed', '', 0.00, '2026-01-31 11:57:27', NULL, NULL),
(1078, 16, 'earn', 'task', 4000.00, 'Spin & Win reward', 'completed', '', 0.00, '2026-01-31 11:57:33', NULL, NULL),
(1079, 16, 'earn', 'task', 1000.00, 'Spin & Win reward', 'completed', '', 0.00, '2026-01-31 11:57:39', NULL, NULL),
(1080, 16, 'earn', 'task', 4000.00, 'Spin & Win reward', 'completed', '', 0.00, '2026-01-31 11:57:48', NULL, NULL),
(1081, 16, 'earn', 'task', 1000.00, 'Spin & Win reward', 'completed', '', 0.00, '2026-01-31 11:57:56', NULL, NULL),
(1082, 16, 'earn', 'task', 0.00, 'Spin & Win reward', 'completed', '', 0.00, '2026-01-31 11:58:07', NULL, NULL),
(1083, 16, 'earn', 'task', 1000.00, 'Spin & Win reward', 'completed', '', 0.00, '2026-01-31 11:58:15', NULL, NULL),
(1084, 16, 'earn', 'task', 2000.00, 'Spin & Win reward', 'completed', '', 0.00, '2026-01-31 11:58:23', NULL, NULL),
(1085, 16, 'earn', 'task', 0.00, 'Spin & Win reward', 'completed', '', 0.00, '2026-01-31 11:58:31', NULL, NULL),
(1086, 16, 'earn', 'task', 1000.00, 'Spin & Win reward', 'completed', '', 0.00, '2026-01-31 11:58:38', NULL, NULL),
(1087, 16, 'earn', 'task', 1000.00, 'Spin & Win reward', 'completed', '', 0.00, '2026-01-31 11:58:49', NULL, NULL),
(1088, 16, 'earn', 'task', 4000.00, 'Spin & Win reward', 'completed', '', 0.00, '2026-01-31 11:59:03', NULL, NULL),
(1089, 16, 'earn', 'task', 0.00, 'Spin & Win reward', 'completed', '', 0.00, '2026-01-31 11:59:10', NULL, NULL),
(1090, 16, 'earn', 'task', 1000.00, 'Spin & Win reward', 'completed', '', 0.00, '2026-01-31 11:59:20', NULL, NULL),
(1091, 16, 'earn', 'task', 4000.00, 'Spin & Win reward', 'completed', '', 0.00, '2026-01-31 11:59:28', NULL, NULL),
(1092, 16, 'earn', 'task', 0.00, 'Spin & Win reward', 'completed', '', 0.00, '2026-01-31 11:59:35', NULL, NULL),
(1093, 16, 'earn', 'task', 0.00, 'Spin & Win reward', 'completed', '', 0.00, '2026-01-31 11:59:43', NULL, NULL),
(1094, 16, 'earn', 'task', 2000.00, 'Spin & Win reward', 'completed', '', 0.00, '2026-01-31 11:59:51', NULL, NULL),
(1095, 16, 'earn', 'task', 4000.00, 'Spin & Win reward', 'completed', '', 0.00, '2026-01-31 12:00:00', NULL, NULL),
(1096, 16, 'earn', 'task', 0.00, 'Spin & Win reward', 'completed', '', 0.00, '2026-01-31 12:00:07', NULL, NULL),
(1097, 16, 'earn', 'task', 2000.00, 'Spin & Win reward', 'completed', '', 0.00, '2026-01-31 12:00:14', NULL, NULL),
(1098, 16, 'earn', 'task', 1000.00, 'Spin & Win reward', 'completed', '', 0.00, '2026-01-31 12:00:20', NULL, NULL),
(1099, 16, 'earn', 'task', 4000.00, 'Spin & Win reward', 'completed', '', 0.00, '2026-01-31 12:00:27', NULL, NULL),
(1100, 16, 'earn', 'task', 0.00, 'Spin & Win reward', 'completed', '', 0.00, '2026-01-31 12:00:34', NULL, NULL),
(1101, 16, 'earn', 'task', 1000.00, 'Spin & Win reward', 'completed', '', 0.00, '2026-01-31 12:00:42', NULL, NULL),
(1102, 16, 'earn', 'task', 0.00, 'Spin & Win reward', 'completed', '', 0.00, '2026-01-31 12:00:52', NULL, NULL),
(1103, 16, 'earn', 'task', 0.00, 'Spin & Win reward', 'completed', '', 0.00, '2026-01-31 12:00:59', NULL, NULL),
(1104, 16, 'earn', 'task', 10000.00, 'Spin & Win reward', 'completed', '', 0.00, '2026-01-31 12:01:06', NULL, NULL),
(1105, 16, 'earn', 'task', 4000.00, 'Spin & Win reward', 'completed', '', 0.00, '2026-01-31 12:01:12', NULL, NULL),
(1106, 16, 'earn', 'task', 20000.00, 'Spin & Win reward', 'completed', '', 0.00, '2026-01-31 12:01:19', NULL, NULL),
(1107, 16, 'earn', 'task', 4000.00, 'Spin & Win reward', 'completed', '', 0.00, '2026-01-31 12:01:31', NULL, NULL),
(1108, 16, 'earn', 'task', 1000.00, 'Spin & Win reward', 'completed', '', 0.00, '2026-01-31 12:01:38', NULL, NULL),
(1109, 16, 'earn', 'task', 1000.00, 'Spin & Win reward', 'completed', '', 0.00, '2026-01-31 12:01:45', NULL, NULL),
(1110, 16, 'earn', 'task', 0.00, 'Spin & Win reward', 'completed', '', 0.00, '2026-01-31 12:01:52', NULL, NULL),
(1111, 16, 'earn', 'task', 0.00, 'Spin & Win reward', 'completed', '', 0.00, '2026-01-31 12:01:59', NULL, NULL),
(1112, 16, 'earn', 'task', 1000.00, 'Spin & Win reward', 'completed', '', 0.00, '2026-01-31 12:02:09', NULL, NULL),
(1113, 16, 'earn', 'task', 1000.00, 'Spin & Win reward', 'completed', '', 0.00, '2026-01-31 12:02:16', NULL, NULL),
(1114, 16, 'earn', 'task', 2000.00, 'Spin & Win reward', 'completed', '', 0.00, '2026-01-31 12:02:22', NULL, NULL),
(1115, 16, 'earn', 'task', 1000.00, 'Spin & Win reward', 'completed', '', 0.00, '2026-01-31 12:02:29', NULL, NULL),
(1116, 16, 'earn', 'task', 1000.00, 'Spin & Win reward', 'completed', '', 0.00, '2026-01-31 12:02:38', NULL, NULL),
(1117, 16, 'earn', 'task', 4000.00, 'Spin & Win reward', 'completed', '', 0.00, '2026-01-31 12:02:44', NULL, NULL),
(1118, 16, 'earn', 'task', 0.00, 'Spin & Win reward', 'completed', '', 0.00, '2026-01-31 12:02:51', NULL, NULL),
(1119, 16, 'earn', 'task', 2000.00, 'Spin & Win reward', 'completed', '', 0.00, '2026-01-31 12:02:58', NULL, NULL),
(1120, 16, 'earn', 'task', 1000.00, 'Spin & Win reward', 'completed', '', 0.00, '2026-01-31 12:03:04', NULL, NULL),
(1121, 16, 'earn', 'task', 1000.00, 'Spin & Win reward', 'completed', '', 0.00, '2026-01-31 12:03:11', NULL, NULL),
(1122, 16, 'earn', 'task', 0.00, 'Spin & Win reward', 'completed', '', 0.00, '2026-01-31 12:03:17', NULL, NULL),
(1123, 16, 'earn', 'task', 10000.00, 'Spin & Win reward', 'completed', '', 0.00, '2026-01-31 12:03:28', NULL, NULL),
(1124, 16, 'earn', 'task', 0.00, 'Spin & Win reward', 'completed', '', 0.00, '2026-01-31 12:03:35', NULL, NULL),
(1125, 16, 'earn', 'task', 4000.00, 'Spin & Win reward', 'completed', '', 0.00, '2026-01-31 12:03:46', NULL, NULL),
(1126, 16, 'earn', 'task', 20000.00, 'Spin & Win reward', 'completed', '', 0.00, '2026-01-31 12:03:57', NULL, NULL),
(1127, 16, 'earn', 'task', 1000.00, 'Spin & Win reward', 'completed', '', 0.00, '2026-01-31 12:04:06', NULL, NULL),
(1128, 123, 'earn', 'task', 150.00, 'Welcome bonus', 'completed', '', 0.00, '2026-02-01 22:36:28', NULL, NULL),
(1129, 124, 'earn', 'task', 150.00, 'Welcome bonus', 'completed', '', 0.00, '2026-02-02 14:25:26', NULL, NULL),
(1130, 125, 'earn', 'task', 150.00, 'Welcome bonus', 'completed', '', 0.00, '2026-02-05 11:16:32', NULL, NULL),
(1131, 126, 'earn', 'task', 150.00, 'Welcome bonus', 'completed', '', 0.00, '2026-02-05 14:00:54', NULL, NULL),
(1132, 127, 'earn', 'task', 150.00, 'Welcome bonus', 'completed', '', 0.00, '2026-02-05 21:32:56', NULL, NULL),
(1133, 128, 'earn', 'task', 150.00, 'Welcome bonus', 'completed', '', 0.00, '2026-02-07 14:07:05', NULL, NULL),
(1134, 129, 'earn', 'task', 150.00, 'Welcome bonus', 'completed', '', 0.00, '2026-02-07 14:22:54', NULL, NULL),
(1135, 16, 'earn', 'task', 1000.00, 'Spin & Win reward', 'completed', '', 0.00, '2026-02-07 17:27:31', NULL, NULL),
(1136, 16, 'earn', 'task', 1000.00, 'Spin & Win reward', 'completed', '', 0.00, '2026-02-07 17:27:38', NULL, NULL),
(1137, 16, 'earn', 'task', 0.00, 'Spin & Win reward', 'completed', '', 0.00, '2026-02-07 17:27:46', NULL, NULL),
(1138, 16, 'earn', 'task', 1000.00, 'Spin & Win reward', 'completed', '', 0.00, '2026-02-07 17:27:54', NULL, NULL),
(1139, 16, 'earn', 'task', 1000.00, 'Spin & Win reward', 'completed', '', 0.00, '2026-02-07 17:28:02', NULL, NULL),
(1140, 16, 'earn', 'task', 2000.00, 'Spin & Win reward', 'completed', '', 0.00, '2026-02-07 17:28:09', NULL, NULL),
(1141, 16, 'earn', 'task', 0.00, 'Spin & Win reward', 'completed', '', 0.00, '2026-02-07 17:28:16', NULL, NULL),
(1142, 16, 'earn', 'task', 10000.00, 'Spin & Win reward', 'completed', '', 0.00, '2026-02-07 17:28:23', NULL, NULL),
(1143, 16, 'earn', 'task', 4000.00, 'Spin & Win reward', 'completed', '', 0.00, '2026-02-07 17:28:31', NULL, NULL),
(1144, 16, 'earn', 'task', 10000.00, 'Spin & Win reward', 'completed', '', 0.00, '2026-02-07 17:28:38', NULL, NULL),
(1145, 130, 'earn', 'task', 150.00, 'Welcome bonus', 'completed', '', 0.00, '2026-02-07 18:40:59', NULL, NULL),
(1146, 131, 'earn', 'task', 150.00, 'Welcome bonus', 'completed', '', 0.00, '2026-02-07 19:05:38', NULL, NULL),
(1147, 132, 'earn', 'task', 150.00, 'Welcome bonus', 'completed', '', 0.00, '2026-02-07 19:33:11', NULL, NULL),
(1148, 133, 'earn', 'task', 150.00, 'Welcome bonus', 'completed', '', 0.00, '2026-02-08 08:55:02', NULL, NULL),
(1149, 134, 'earn', 'task', 150.00, 'Welcome bonus', 'completed', '', 0.00, '2026-02-08 09:25:00', NULL, NULL),
(1150, 135, 'earn', 'task', 150.00, 'Welcome bonus', 'completed', '', 0.00, '2026-02-08 18:52:24', NULL, NULL),
(1151, 136, 'earn', 'task', 150.00, 'Welcome bonus', 'completed', '', 0.00, '2026-02-08 20:01:51', NULL, NULL),
(1152, 137, 'earn', 'task', 150.00, 'Welcome bonus', 'completed', '', 0.00, '2026-02-09 07:57:47', NULL, NULL),
(1153, 16, 'earn', 'task', 0.00, 'Spin & Win reward', 'completed', '', 0.00, '2026-02-10 00:35:24', NULL, NULL),
(1154, 16, 'earn', 'task', 5000.00, 'Spin & Win reward', 'completed', '', 0.00, '2026-02-10 00:35:31', NULL, NULL),
(1155, 16, 'earn', 'task', 2500.00, 'Spin & Win reward', 'completed', '', 0.00, '2026-02-10 00:35:38', NULL, NULL),
(1156, 16, 'earn', 'task', 25000.00, 'Spin & Win reward', 'completed', '', 0.00, '2026-02-10 00:35:44', NULL, NULL),
(1157, 16, 'earn', 'task', 0.00, 'Spin & Win reward', 'completed', '', 0.00, '2026-02-10 00:35:54', NULL, NULL),
(1158, 16, 'earn', 'task', 25000.00, 'Spin & Win reward', 'completed', '', 0.00, '2026-02-10 00:36:01', NULL, NULL),
(1159, 16, 'earn', 'task', 0.00, 'Spin & Win reward', 'completed', '', 0.00, '2026-02-10 00:36:08', NULL, NULL),
(1160, 16, 'earn', 'task', 10000.00, 'Spin & Win reward', 'completed', '', 0.00, '2026-02-10 00:36:15', NULL, NULL),
(1161, 16, 'earn', 'task', 2500.00, 'Spin & Win reward', 'completed', '', 0.00, '2026-02-10 00:36:22', NULL, NULL),
(1162, 16, 'earn', 'task', 2500.00, 'Spin & Win reward', 'completed', '', 0.00, '2026-02-10 00:36:29', NULL, NULL),
(1163, 16, 'earn', 'task', 2500.00, 'Spin & Win reward', 'completed', '', 0.00, '2026-02-10 00:36:36', NULL, NULL),
(1164, 16, 'earn', 'task', 50000.00, 'Spin & Win reward', 'completed', '', 0.00, '2026-02-10 00:36:43', NULL, NULL),
(1165, 16, 'earn', 'task', 25000.00, 'Spin & Win reward', 'completed', '', 0.00, '2026-02-10 00:36:57', NULL, NULL),
(1166, 16, 'earn', 'task', 10000.00, 'Spin & Win reward', 'completed', '', 0.00, '2026-02-10 00:37:06', NULL, NULL),
(1167, 16, 'earn', 'task', 0.00, 'Spin & Win reward', 'completed', '', 0.00, '2026-02-10 00:37:15', NULL, NULL),
(1168, 16, 'earn', 'task', 0.00, 'Spin & Win reward', 'completed', '', 0.00, '2026-02-10 00:37:23', NULL, NULL),
(1169, 138, 'earn', 'task', 150.00, 'Welcome bonus', 'completed', '', 0.00, '2026-02-10 17:21:39', NULL, NULL),
(1170, 16, 'earn', 'task', 20000.00, 'Spin & Win reward', 'completed', '', 0.00, '2026-02-10 20:23:20', NULL, NULL),
(1171, 16, 'earn', 'task', 20000.00, 'Spin & Win reward', 'completed', '', 0.00, '2026-02-10 20:23:27', NULL, NULL),
(1172, 16, 'earn', 'task', 0.00, 'Spin & Win reward', 'completed', '', 0.00, '2026-02-10 20:23:35', NULL, NULL),
(1173, 16, 'earn', 'task', 0.00, 'Spin & Win reward', 'completed', '', 0.00, '2026-02-10 20:23:41', NULL, NULL),
(1174, 16, 'earn', 'task', 0.00, 'Spin & Win reward', 'completed', '', 0.00, '2026-02-10 20:23:48', NULL, NULL),
(1175, 16, 'earn', 'task', 20000.00, 'Spin & Win reward', 'completed', '', 0.00, '2026-02-10 20:23:54', NULL, NULL),
(1176, 16, 'earn', 'task', 20000.00, 'Spin & Win reward', 'completed', '', 0.00, '2026-02-10 20:24:01', NULL, NULL),
(1177, 16, 'earn', 'task', 5000.00, 'Spin & Win reward', 'completed', '', 0.00, '2026-02-10 20:24:08', NULL, NULL),
(1178, 16, 'earn', 'task', 50000.00, 'Spin & Win reward', 'completed', '', 0.00, '2026-02-10 20:24:14', NULL, NULL),
(1179, 16, 'earn', 'task', 14000.00, 'Spin & Win reward', 'completed', '', 0.00, '2026-02-13 02:55:26', NULL, NULL),
(1180, 16, 'earn', 'task', 0.00, 'Spin & Win reward', 'completed', '', 0.00, '2026-02-13 02:55:34', NULL, NULL),
(1181, 16, 'earn', 'task', 3500.00, 'Spin & Win reward', 'completed', '', 0.00, '2026-02-13 02:55:40', NULL, NULL),
(1182, 16, 'earn', 'task', 35000.00, 'Spin & Win reward', 'completed', '', 0.00, '2026-02-13 02:55:47', NULL, NULL),
(1183, 16, 'earn', 'task', 7000.00, 'Spin & Win reward', 'completed', '', 0.00, '2026-02-13 02:55:54', NULL, NULL),
(1184, 16, 'earn', 'task', 7000.00, 'Spin & Win reward', 'completed', '', 0.00, '2026-02-13 02:56:05', NULL, NULL),
(1185, 16, 'earn', 'task', 35000.00, 'Spin & Win reward', 'completed', '', 0.00, '2026-02-13 02:56:11', NULL, NULL),
(1186, 16, 'earn', 'task', 3500.00, 'Spin & Win reward', 'completed', '', 0.00, '2026-02-13 02:56:20', NULL, NULL),
(1187, 16, 'earn', 'task', 14000.00, 'Spin & Win reward', 'completed', '', 0.00, '2026-02-13 02:56:27', NULL, NULL),
(1188, 16, 'earn', 'task', 5000.00, 'Spin & Win reward', 'completed', '', 0.00, '2026-02-14 16:34:29', NULL, NULL),
(1189, 16, 'earn', 'task', 5000.00, 'Spin & Win reward', 'completed', '', 0.00, '2026-02-14 16:34:36', NULL, NULL),
(1190, 16, 'earn', 'task', 20000.00, 'Spin & Win reward', 'completed', '', 0.00, '2026-02-14 16:34:43', NULL, NULL),
(1191, 16, 'earn', 'task', 20000.00, 'Spin & Win reward', 'completed', '', 0.00, '2026-02-14 16:34:49', NULL, NULL),
(1192, 16, 'earn', 'task', 0.00, 'Spin & Win reward', 'completed', '', 0.00, '2026-02-14 16:34:57', NULL, NULL),
(1193, 16, 'earn', 'task', 20000.00, 'Spin & Win reward', 'completed', '', 0.00, '2026-02-14 16:35:03', NULL, NULL),
(1194, 16, 'earn', 'task', 20000.00, 'Spin & Win reward', 'completed', '', 0.00, '2026-02-14 16:35:10', NULL, NULL),
(1195, 139, 'earn', 'task', 150.00, 'Welcome bonus', 'completed', '', 0.00, '2026-02-14 19:17:51', NULL, NULL),
(1196, 140, 'earn', 'task', 150.00, 'Welcome bonus', 'completed', '', 0.00, '2026-02-15 23:42:30', NULL, NULL),
(1197, 141, 'earn', 'task', 150.00, 'Welcome bonus', 'completed', '', 0.00, '2026-02-16 05:44:06', NULL, NULL),
(1198, 142, 'earn', 'task', 150.00, 'Welcome bonus', 'completed', '', 0.00, '2026-02-19 00:50:49', NULL, NULL);

-- --------------------------------------------------------

--
-- Table structure for table `trivia_attempts`
--

CREATE TABLE `trivia_attempts` (
  `id` int(11) NOT NULL,
  `user_id` int(11) UNSIGNED NOT NULL,
  `question_id` int(11) NOT NULL,
  `selected_option` char(1) DEFAULT NULL,
  `is_correct` tinyint(1) DEFAULT NULL,
  `rewarded_amount` int(11) DEFAULT 0,
  `created_at` timestamp NOT NULL DEFAULT current_timestamp()
) ENGINE=InnoDB DEFAULT CHARSET=utf8mb4 COLLATE=utf8mb4_general_ci;

--
-- Dumping data for table `trivia_attempts`
--

INSERT INTO `trivia_attempts` (`id`, `user_id`, `question_id`, `selected_option`, `is_correct`, `rewarded_amount`, `created_at`) VALUES
(2, 6, 1, 'A', 1, 20, '2025-06-21 16:45:51'),
(3, 14, 1, 'A', 1, 20, '2025-06-23 09:02:51'),
(4, 16, 1, 'A', 1, 20, '2025-07-02 10:35:34');

-- --------------------------------------------------------

--
-- Table structure for table `trivia_questions`
--

CREATE TABLE `trivia_questions` (
  `id` int(11) NOT NULL,
  `question` text NOT NULL,
  `option_a` varchar(255) DEFAULT NULL,
  `option_b` varchar(255) DEFAULT NULL,
  `option_c` varchar(255) DEFAULT NULL,
  `option_d` varchar(255) DEFAULT NULL,
  `correct_answer` char(1) DEFAULT NULL,
  `reward` int(11) DEFAULT 0,
  `created_at` datetime NOT NULL DEFAULT current_timestamp()
) ENGINE=InnoDB DEFAULT CHARSET=utf8mb4 COLLATE=utf8mb4_general_ci;

--
-- Dumping data for table `trivia_questions`
--

INSERT INTO `trivia_questions` (`id`, `question`, `option_a`, `option_b`, `option_c`, `option_d`, `correct_answer`, `reward`, `created_at`) VALUES
(1, 'What is the capital city of Kenya?', 'Nairobi', 'Mombasa', 'Kisumu', 'Nakuru', 'A', 20, '2025-06-24 14:46:57'),
(2, 'Which planet is known as the \"Red Planet\"?', 'Venus', 'Mars', 'Jupiter', 'Mercury', 'B', 0, '2025-07-31 12:37:36'),
(3, 'What is the capital city of Australia?', 'Sydney', 'Melbourne', 'Canberra', 'Brisbane', 'A', 0, '2025-07-31 12:45:07'),
(4, 'What is the capital city of Australia?', 'Sydney', 'Melbourne', 'Canberra', 'Brisbane', 'A', 0, '2025-07-31 12:45:21'),
(5, 'What is the capital city of Australia?', 'Sydney', 'Melbourne', 'Canberra', 'Brisbane', 'A', 0, '2025-07-31 12:46:57'),
(6, 'What is the capital city of Australia?', 'Sydney', 'Melbourne', 'Canberra', 'Brisbane', 'A', 0, '2025-07-31 12:47:25'),
(7, 'What is the capital city of Australia?', 'Sydney', 'Melbourne', 'Canberra', 'Brisbane', 'A', 0, '2025-07-31 12:47:54'),
(8, 'What is the capital city of Australia?', 'Sydney', 'Melbourne', 'Canberra', 'Brisbane', 'A', 0, '2025-07-31 12:48:02'),
(9, 'What is the capital city of Kenya?', 'Kisumu', 'Nairobi', 'Mombasa', 'Kakamega', 'B', 0, '2025-07-31 12:51:18');

-- --------------------------------------------------------

--
-- Table structure for table `users`
--

CREATE TABLE `users` (
  `id` int(11) UNSIGNED NOT NULL,
  `username` varchar(255) NOT NULL,
  `phone` varchar(15) NOT NULL,
  `email` varchar(100) NOT NULL,
  `password` varchar(255) NOT NULL,
  `country` varchar(100) NOT NULL,
  `referred_by` varchar(255) DEFAULT NULL,
  `commission` decimal(10,2) NOT NULL,
  `is_active` tinyint(4) DEFAULT 0,
  `package` varchar(100) DEFAULT NULL,
  `transaction_code` varchar(50) DEFAULT NULL,
  `pay_method` enum('manual','automatic') DEFAULT 'automatic',
  `amount_paid` decimal(10,2) NOT NULL,
  `created_on` datetime NOT NULL DEFAULT current_timestamp(),
  `activated_at` datetime DEFAULT NULL,
  `balance` decimal(10,2) NOT NULL DEFAULT 0.00,
  `profile_picture` varchar(255) DEFAULT NULL,
  `verification_token` varchar(255) DEFAULT NULL,
  `is_verified` tinyint(1) DEFAULT 0
) ENGINE=InnoDB DEFAULT CHARSET=utf8mb4 COLLATE=utf8mb4_general_ci;

--
-- Dumping data for table `users`
--

INSERT INTO `users` (`id`, `username`, `phone`, `email`, `password`, `country`, `referred_by`, `commission`, `is_active`, `package`, `transaction_code`, `pay_method`, `amount_paid`, `created_on`, `activated_at`, `balance`, `profile_picture`, `verification_token`, `is_verified`) VALUES
(2, 'gteddy', '769107144', 'tcmedia2025@gmail.com', '$2y$12$s1F3tEA9x3U971wKeRHgGOXW9Mmh4PGAyB3Pqf/YCbjPY.nWv6QCW', 'KE', '', 0.00, 1, 'Silver', 'TINIS92373', 'manual', 2000.00, '2025-06-16 15:07:08', '2025-11-28 01:02:43', 0.00, 'dashboard\\assets\\images\\default-profile.jpg', NULL, 0),
(3, 'john', '707631788', 'wisepipsfx@gmail.com', '$2y$12$yNpBEU6isBCLW0A06EoSbupcsAUOQMOJfvTVKruFzuttL2C6ILP82', 'KE', '', 0.00, 0, NULL, NULL, 'automatic', 0.00, '2025-06-16 15:07:08', NULL, 0.00, 'dashboard\\assets\\images\\default-profile.jpg', NULL, 0),
(4, 'fei', '702635860', 'lteddycampbell237@gmail.com', '$2y$12$I8xdYQ07aXM16PgceObMt.yPz1HCZOhyDkenXVbSkMUjQkKiyXTsy', 'KE', '', 0.00, 0, NULL, NULL, 'automatic', 0.00, '2025-06-16 15:07:08', NULL, 0.00, 'dashboard\\assets\\images\\default-profile.jpg', NULL, 0),
(6, 'july', '712345678', 'julykendi@gmail.com', '$2y$12$nos3RHqzTlsK97vxLXkBFeNpSGJqfBCOTuGnC9CNb.ZJx54SeVNfW', 'KE', '', 5800.00, 1, 'premium', 'TINIS92373', 'manual', 0.00, '2025-06-16 15:07:08', NULL, 7930.00, 'profile_pictures/profile_685abda98a867.jpg', NULL, 0),
(7, 'prescyber', '767979492', 'prescyber@gmail.com', '$2y$12$S/Z1zAIDUYLGwzFrFDFenOYlY4IPjyG/tqpS/XpW/tUrandCCKwrW', 'KE', '6', 0.00, 1, NULL, NULL, 'automatic', 2000.00, '2025-06-17 17:57:02', NULL, 0.00, 'dashboard\\assets\\images\\default-profile.jpg', NULL, 0),
(8, 'teddykenya', '711681611', 'atienobrenda@gmail.com', '$2y$12$jEvXg3s/fvX24Bc4coQSeev2iFAgU8Ca4kN0m5uzWzd90YZYUbc1u', 'KE', '6', 0.00, 1, NULL, NULL, 'automatic', 0.00, '2025-06-18 22:19:40', NULL, 0.00, 'dashboard\\assets\\images\\default-profile.jpg', NULL, 0),
(9, 'ninja', '759208789', 'wilsonninja@gmail.com', '$2y$12$8gTXH33mzZpKLfsoD/cuoesga3CXvuB.dIVxRo6j0d2YICE4abAPO', 'KE', '8', 0.00, 0, NULL, NULL, 'automatic', 0.00, '2025-06-18 23:15:35', NULL, 0.00, 'dashboard\\assets\\images\\default-profile.jpg', NULL, 0),
(10, 'teddy', '769107256', 'teddycampbellomondi@gmail.com', '$2y$12$6AV1bS7N7rbiH5qeAEFatuotBIIjRKtg8NJjI405eV0cbV8FQU58u', 'KE', '6', 0.00, 1, NULL, NULL, 'automatic', 0.00, '2025-06-19 17:55:59', '2025-07-31 12:00:42', 0.00, 'dashboard\\assets\\images\\default-profile.jpg', NULL, 0),
(11, 'camo', '712892922', 'camoomondi@gmail.com', '$2y$12$Ndk8f5OujghivgydNDpLcOBorGxBK3a0yMNs1WC5JHkt11SjtVryy', 'KE', '6', 0.00, 0, 'silver', 'TINIS92373', 'manual', 2000.00, '2025-06-21 17:25:04', '2025-07-31 11:40:30', 0.00, 'dashboard\\assets\\images\\default-profile.jpg', NULL, 0),
(12, 'edith', '740903430', 'edithnafula@gmail.com', '$2y$10$ftFFF0zPCmc2DWcANa5RROA15oTYw2HQAe5rODnybQA6U2Eu6JYBS', 'KE', '8', 0.00, 1, 'basic', 'TINIS92373', 'manual', 1300.00, '2025-06-21 20:58:02', '2025-06-24 14:01:46', 0.00, '', NULL, 0),
(13, 'patric', '723939202', 'patrickdango@gmail.com', '$2y$10$lTRrtXp6yDgp4XtwUtpRYOGilU1nWhsg5CiAexGpGA9mcsWquj7Ja', 'KE', '8', 0.00, 1, NULL, NULL, 'automatic', 0.00, '2025-06-21 22:55:30', NULL, 1500.00, 'profile_pictures/profile_6857d39589354.jpg', NULL, 0),
(14, 'josh', '751206512', 'josh@gmail.com', '$2y$10$LaGNxafdY5I4XcVeRPK9jemFBXJuK21NtmI7sD2OHnByrMcnAsyU6', 'KE', '6', 0.00, 1, 'premium', NULL, 'automatic', 0.00, '2025-06-23 11:59:28', NULL, 2070.00, 'profile_pictures/profile_6859191ee8e38.png', NULL, 0),
(15, 'Gabric', '749657546', 'growthlion1@gmail.com', '$2y$10$CWqp0n2i5cHco5NmNwgTRucMZtgTO6scqH3HZ/QiHn.a8ayDnIFiy', 'KE', NULL, 0.00, 1, 'basic', NULL, 'automatic', 1300.00, '2025-06-24 17:39:32', '2025-06-24 17:39:45', 150.00, NULL, NULL, 0),
(16, 'CEO', '712167745', 'oduorjoshua935@gmail.com', '$2y$10$SCF6XdUb9WKg0mb.hcRKFegF/PQ9m/KcwKyvggZ6S5ZhfXDdktNhu', 'KE', NULL, 600.00, 1, 'premium', NULL, 'automatic', 1300.00, '2025-06-24 19:55:14', '2025-06-24 19:56:35', 401000.00, NULL, NULL, 0),
(17, 'Lizoo', '0751206512', 'lizooke01@gmail.com', '$2y$10$40wN/CTFFV1nIVDZPH0RKuDFI9VJDbdF2KqDPpUOy278dM34xuRVi', 'KE', '16', 0.00, 1, 'basic', NULL, 'automatic', 1300.00, '2025-06-28 14:42:11', '2025-06-28 14:42:26', 0.00, NULL, NULL, 0),
(18, 'Wesonga', '798463215', 'wesongaphilo@gmail.com', '$2y$10$/By4IreSu7rxJTVzRGRKqexd1mPMurRHZdwGtKZChG9RWSmOSZ2Xu', 'KE', NULL, 0.00, 0, 'gold', 'Tajkanagshs', 'manual', 4000.00, '2025-06-28 23:28:00', NULL, 150.00, NULL, NULL, 0),
(19, 'Mm', '0756348647', 'owinolilian7632@gmail.com', '$2y$10$NvUbT7pC9ir74b/b/kN/zO2ZE9iPmr/ao1jPOCCerCGygInPHlnSm', 'KE', '16', 0.00, 0, NULL, NULL, 'automatic', 0.00, '2025-06-28 23:33:37', NULL, 150.00, NULL, NULL, 0),
(20, 'wakanuku KE', '0792858892', 'guardian@gmail.com', '$2y$10$XkIKbWwEantzNdMs9g9jGu/CWUmXZYc05ZqUJJ/uCgsHLiLFT7GZu', 'KE', '16', 0.00, 0, NULL, NULL, 'automatic', 0.00, '2025-07-01 11:32:45', NULL, 150.00, NULL, NULL, 0),
(21, 'Jemmie', '0702345678', 'businesstano91@gmail.com', '$2y$10$/gYYuVQhsMW3eVe1prjs2ejjeuJKP.YHkKxS880P7nEnqVOGqhqNa', 'KE', '16', 0.00, 0, 'basic', '8244116', 'manual', 1300.00, '2025-07-01 13:46:35', NULL, 150.00, NULL, NULL, 0),
(22, 'Kuria', '0769824503', 'w.mike.kuria@gmail.com', '$2y$10$VrXPzB2HzcU0cfHrXNl/7.QOUNjLflFUV0bz7wZo3HlNobhS5GBLm', 'KE', '16', 0.00, 0, NULL, NULL, 'automatic', 0.00, '2025-07-01 13:47:53', NULL, 150.00, NULL, NULL, 0),
(23, 'Areaboys', '0705621562', 'adrian.kamadi@gmail.com', '$2y$10$Rn1.3MYtum4.w/Cfl19x6uBgbldL8iaQAc78/KbvMx1n0XQE3r7Ii', 'KE', '16', 0.00, 0, NULL, NULL, 'automatic', 0.00, '2025-07-01 14:17:41', NULL, 150.00, NULL, NULL, 0),
(24, 'Jackson254', '0718952676', 'jacksonnjoroge@gmail.com', '$2y$10$t6mm8hXnnv3t9RPN3qtQX.k292D2mI3v3cJhSWtHkeZPYfZsbX77W', 'KE', '16', 0.00, 0, NULL, NULL, 'automatic', 0.00, '2025-07-01 22:13:25', NULL, 150.00, NULL, NULL, 0),
(25, 'dileaveme', '89181621526', 'dimitriy.livanov@mail.ru', '$2y$10$4CpGCzTOJ/1nyj2tZRDPRO1ZBkboqyw2/SEsB.i5P7ChtvG1x0TsC', 'KE', NULL, 0.00, 0, NULL, NULL, 'automatic', 0.00, '2025-07-03 10:58:39', NULL, 150.00, NULL, NULL, 0),
(26, 'juma', '0700526783', 'godwilljuma899@gmail.com', '$2y$10$P4gZYW0R9LD7QHof24dyCuO1rPg.MnRr0DbG/rLUY1po0yC5wYHIa', 'KE', '16', 0.00, 0, NULL, NULL, 'automatic', 0.00, '2025-07-07 21:54:20', NULL, 150.00, NULL, NULL, 0),
(27, 'Alloyce', '0706812565', 'alloyceowino00@gmail.com', '$2y$10$UVqxtHuPfU2pGlnI6NUx7.Kb29OSfBrTiMEWFpiwO3HsnSNRaDf1q', 'KE', '16', 0.00, 0, NULL, NULL, 'automatic', 0.00, '2025-07-08 23:02:00', '2025-07-31 11:45:42', 150.00, NULL, NULL, 0),
(28, 'Brian Wanyoike', '0757524615', 'wanyoikebrian160@gmail.com', '$2y$10$nxh7VWLrc.iqM6I2Fw4W3uufX4Uism31RYQeSA72UnCVj704GgeGC', 'KE', '16', 0.00, 0, NULL, NULL, 'automatic', 0.00, '2025-07-11 12:05:25', NULL, 150.00, NULL, NULL, 0),
(29, 'MARIE', '0798622052', 'blessingsonyango29@gmail.com', '$2y$10$kT22oOrxnGP6dM4F.vq81eeVRa2yoysDoMIuExa2uOqzIiUkqCqQO', 'KE', '16', 0.00, 0, NULL, NULL, 'automatic', 0.00, '2025-07-22 00:35:25', NULL, 150.00, NULL, NULL, 0),
(30, 'Jijoski', '0116594278', 'goluoch810@gmail.com', '$2y$10$fXTgSlZka.WiSgsqKtqojOVdIaYwQhjkmA5DLbueCIiPnfXSyeaXW', 'KE', '16', 0.00, 0, NULL, NULL, 'automatic', 0.00, '2025-07-30 19:59:24', NULL, 150.00, NULL, NULL, 0),
(31, 'Paperboy', '0793479238', 'yoshisavage23@gmail.com', '$2y$10$OiXYA8dhU5CK2XAYwWq7a.8kSYpN3OUTIsrtFf4/coyjoDKk9CdlO', 'KE', '16', 0.00, 0, NULL, NULL, 'automatic', 0.00, '2025-08-06 00:12:04', NULL, 150.00, NULL, NULL, 0),
(32, '', '254712892922', '', '', '', '0', 0.00, 0, NULL, NULL, 'automatic', 0.00, '2025-08-06 18:00:20', NULL, 0.00, NULL, NULL, 0),
(42, 'Conboyy', '0797891842', 'jacoboluoch65@gmail.com', '$2y$10$1PYHgfUq/7I8DKDGGtrbPeTHdehqWq.UuMACnj0e.az9J.6u6ryxu', 'KE', '16', 0.00, 0, NULL, NULL, 'automatic', 0.00, '2025-08-06 22:13:56', NULL, 150.00, NULL, NULL, 0),
(43, 'Legacies', '701386796', 'johnmusyoka284@gmail.com', '$2y$10$qKPfwVFV09yYhG0zUfEfVe0b3N2R.W.dCrluS6lH6EjhiCetter8C', 'KE', NULL, 0.00, 0, NULL, NULL, 'automatic', 0.00, '2025-08-08 15:25:59', NULL, 150.00, NULL, NULL, 0),
(44, 'frost', '717601983', 'mmuthoka85@gmail.com', '$2y$10$4fUuw4QSlSSSd2WyxVVWNumqpzxwAXIeK7FHtOK7xElbbtUqkDH6S', 'KE', '16', 0.00, 0, NULL, NULL, 'automatic', 0.00, '2025-08-09 07:47:19', NULL, 150.00, NULL, NULL, 0),
(45, 'Jamal64', '0746928381', 'disneynetworks1432@gmail.com', '$2y$10$jViYTk15DpOHbkQ8dMh5ie0u6xPwcpOzhoSuUl3c91rphZHLOTASe', 'KE', '16', 0.00, 0, NULL, NULL, 'automatic', 0.00, '2025-08-09 11:48:43', NULL, 150.00, NULL, NULL, 0),
(46, 'bitech', '0769472724', 'bazarintechnologies@gmail.com', '$2y$10$4Ve/WsM7kqJNpIqlaU0Stepa1Y7I1VPjl0DVOx4ibTYN2BcznE.Km', 'KE', NULL, 0.00, 0, NULL, NULL, 'automatic', 0.00, '2025-08-09 15:14:04', NULL, 150.00, NULL, NULL, 0),
(47, 'Ttd', '785554452', 'Admin@gmail.com', '$2y$10$Gw5h2KArA0TqVayykOXLMO7K2E2dLFG5TcZo5h4bwGjGMSIYjrwAW', 'KE', NULL, 0.00, 0, NULL, NULL, 'automatic', 0.00, '2025-08-09 19:01:00', NULL, 150.00, NULL, NULL, 0),
(48, 'You', '0713141516', 'armythree254@gmail.com', '$2y$10$YrtYpHOYEEssti3OG5aMcuCuJkEeX66/hjtB8oXVClujsSBScA9yu', 'KE', NULL, 0.00, 0, NULL, NULL, 'automatic', 0.00, '2025-08-09 19:22:23', NULL, 150.00, NULL, NULL, 0),
(49, 'manuel', '0704 496565', 'manuelcheruiyot9@gmail.com', '$2y$10$eBUqHMeP0Vwos00tIf4Knez81sZ5FKi11wz9vfwKL0A2QCtuErKeW', 'KE', NULL, 0.00, 0, NULL, NULL, 'automatic', 0.00, '2025-08-09 20:57:23', NULL, 150.00, NULL, NULL, 0),
(50, 'manuelke', '0728633737', 'manuelcherui9@gmail.com', '$2y$10$MXJj0xZEdWxOLYluyui6wuD3Tl./v2KUR3Oe7iB0jZ5CRHMgA5jFG', 'KE', NULL, 0.00, 0, NULL, NULL, 'automatic', 0.00, '2025-08-09 20:58:26', NULL, 150.00, NULL, NULL, 0),
(51, 'truecoverke', '0718119601', 'cryptokenya1ke@gmail.com', '$2y$10$jmnqv0tSikJt4eiokmZtseh8r1IwoD4q8f37vxhrexyqfDY40UGC2', 'KE', NULL, 0.00, 0, NULL, NULL, 'automatic', 0.00, '2025-08-09 21:45:02', NULL, 150.00, NULL, NULL, 0),
(52, 'Scammer', '0711223366', 'scammer@gmail.com', '$2y$10$AxIsAIvFOKTvWU8Ex8bcmu8ZGyaPL65tchRal1exUskxUqBkvMNuy', 'KE', NULL, 0.00, 0, NULL, NULL, 'automatic', 0.00, '2025-08-09 23:09:06', NULL, 150.00, NULL, NULL, 0),
(53, 'tdat', '758545757', 'mutindafrancis105@gmail.com', '$2y$10$VLuTsqgfKqU6xlm7eAyG9eq/2VYHGot96Z9w/mtaX30IxehsJFw3.', 'KE', '16', 0.00, 0, NULL, NULL, 'automatic', 0.00, '2025-08-10 10:18:26', NULL, 150.00, NULL, NULL, 0),
(54, 'Test4', '0799854680', 'kinchez71@gmail.com', '$2y$10$7YJ6jTUUcRmttPefl3e5KurOiXrCCpzQUidBqCNveI.n6O9XMUSuy', 'UG', NULL, 0.00, 0, NULL, NULL, 'automatic', 0.00, '2025-08-11 22:35:15', NULL, 150.00, NULL, NULL, 0),
(55, 'Lewis.lewisky', '0741040391', 'lewisonyango8@gmail.com', '$2y$10$L5KHbiXRdtmsp1rdwWLgXukiBCN97Kr2JkZ3Lj7AYQC12wHBAMGm2', 'KE', '16', 0.00, 0, NULL, NULL, 'automatic', 0.00, '2025-08-12 21:28:58', NULL, 150.00, NULL, NULL, 0),
(56, 'the nerd', '768198256', 'eccentriciconicon@gmail.com', '$2y$10$Fb3eAbwM2ssIwVMJvZXO5O3RutFTvRj3CGxVgLAGLy2Sg2halZnES', 'KE', NULL, 0.00, 0, NULL, NULL, 'automatic', 0.00, '2025-08-13 13:37:52', NULL, 150.00, NULL, NULL, 0),
(57, 'tiffneyemio', '0708767820', 'tiffneyemio@gmail.com', '$2y$10$d0wwgpLbAsN1eSm0M5Wm8.FwglpJc63ut0wqgSTXiiZuS5r.GeggW', 'KE', '16', 0.00, 0, NULL, NULL, 'automatic', 0.00, '2025-08-13 20:38:30', NULL, 150.00, NULL, NULL, 0),
(58, 'Jstn218', '799871578', 'nyabokejstn218@gmail.com', '$2y$10$BNoyuLeKNTeWeXArb1knreN9unRSg/l7R3UD5Sb1ETM0WUy5NNbte', 'KE', '16', 0.00, 0, NULL, NULL, 'automatic', 0.00, '2025-08-14 16:14:33', NULL, 150.00, NULL, NULL, 0),
(59, 'BONIFACE NDAMBUKI', '0759 548483', 'bonifacendambuki92@gmail.com', '$2y$10$0lUfP9IFV58J7HApD7DRsu9Dfl4O0DXSAS9/wRxoLVBFWB9l3/9LW', 'KE', '16', 0.00, 0, NULL, NULL, 'automatic', 0.00, '2025-08-16 15:26:27', NULL, 150.00, NULL, NULL, 0),
(60, 'Jakabudho', '0704289964', 'odhiambomaurice290@gmail.com', '$2y$10$cZaL35CjAYSkRR6XQdMQyuDZBPIKDZ21dnA5UZYm7oRPzz6ApX7Oq', 'KE', '16', 0.00, 0, NULL, NULL, 'automatic', 0.00, '2025-08-21 10:34:21', NULL, 150.00, NULL, NULL, 0),
(61, 'Tyler', '0117500672', 'keyllie151@gmail.com', '$2y$10$ucwdK9U3d1yE.1m4VuH2uuTt5cwLrkGpEYFz8AONpOL8Sk1EM1Ywu', 'KE', '16', 0.00, 0, NULL, NULL, 'automatic', 0.00, '2025-08-22 03:09:49', NULL, 150.00, NULL, NULL, 0),
(62, 'Sichangi', '0711231301', 'sichangiian11@gmail.com', '$2y$10$sSBFVu4mfxHnwUShvN.1zeLVTcTl17DPMlD5WvRhdVyi7WFwz9VNW', 'KE', '16', 0.00, 0, NULL, NULL, 'automatic', 0.00, '2025-08-30 18:21:40', NULL, 150.00, NULL, NULL, 0),
(63, 'Jones09', '722603526', 'dkiprop299@gmail.com', '$2y$10$X6VLkMlm3UGwN7/yEe2puulczwG7Np7SLEdBva4DHtMRi3GuXNPZe', 'KE', NULL, 0.00, 0, NULL, NULL, 'automatic', 0.00, '2025-09-04 18:47:03', NULL, 150.00, NULL, NULL, 0),
(64, 'LiuElius24', '0757708488', 'eliusjunior24@gmail.com', '$2y$10$RMm/ntFXqTXT2YVFJdLYFeESXV1O3gsphV92Yj4CfBYeddU5EA5qm', 'KE', '16', 0.00, 0, NULL, NULL, 'automatic', 0.00, '2025-09-07 12:58:52', NULL, 150.00, NULL, NULL, 0),
(65, 'Dr charls', '708425921', 'derrickcharls254@gmail.com', '$2y$10$hfMVAM88LVZAGn9PA4pI6OierbbTLexoRTU4pfRKjCY7F3IQxn7CC', 'KE', '16', 0.00, 0, NULL, NULL, 'automatic', 0.00, '2025-09-07 14:34:58', NULL, 150.00, NULL, NULL, 0),
(66, 'Mobagi', '0710709161', 'benmobagi@gmail.com', '$2y$10$G7JC.W6Ajc1MzKbcOJ6It.bvHGzU0pBT9Mk0ddVAwpUIdkhS7fs32', 'KE', '16', 0.00, 0, NULL, NULL, 'automatic', 0.00, '2025-09-07 18:19:36', NULL, 150.00, NULL, NULL, 0),
(67, 'Wizzy ke', '0708184969', 'WYCLIFFODHIAMBO2005@GMAIL.COM', '$2y$10$L6mldTqcAkqYgsLomk53kOdi7RdVwwU86Tr40orh.8fMakToeTqqK', 'KE', '16', 0.00, 0, NULL, NULL, 'automatic', 0.00, '2025-09-08 00:48:40', NULL, 150.00, NULL, NULL, 0),
(68, 'brayo1', '0742546602', 'brianmutuma145@gmail.com', '$2y$10$C4pMj.HPHmYb9iB/fmNCPOfCEG2B3TCTPB9I1U/A6XOmcdtzc8.a6', 'KE', '16', 0.00, 0, NULL, NULL, 'automatic', 0.00, '2025-09-08 08:00:30', NULL, 150.00, NULL, NULL, 0),
(69, 'Smart', '707285037', 'hildahhazel@gmail.com', '$2y$10$MVlQST7emmqCnp3zsZSdsuv7RZM9QxoCYg.Uxb891XIRZBopyUpqi', 'KE', '16', 0.00, 0, NULL, NULL, 'automatic', 0.00, '2025-09-08 10:36:42', NULL, 150.00, NULL, NULL, 0),
(70, 'Denstor', '792109474', 'mugodennis314@gmail.com', '$2y$10$lYCBoVD3K/qZd4zCQlwR5OXDok22QRYzskVwCAWUIqaLqepXK118C', 'KE', '16', 0.00, 0, NULL, NULL, 'automatic', 0.00, '2025-09-08 10:54:33', NULL, 150.00, NULL, NULL, 0),
(71, 'Lydia', '0798591097', 'muchekaphiona@gmail.com', '$2y$10$Vx37Y7hUAvxrSCgEYkSRRejQYysGk78RKy0HJ7IouMOL7hgaPgkky', 'KE', '16', 0.00, 0, NULL, NULL, 'automatic', 0.00, '2025-09-08 14:15:32', NULL, 150.00, NULL, NULL, 0),
(72, 'kemeiothniel', '0790268572', 'kemeiothniel@gmail.com', '$2y$10$S8SBvnObOCtCKVz.PBLJau9HDRGFqHuikGQFGWu.hLlOstWMiqKl.', 'KE', '16', 0.00, 0, NULL, NULL, 'automatic', 0.00, '2025-09-09 12:37:12', NULL, 150.00, NULL, NULL, 0),
(73, 'Rik', '0758764915', 'irotich41@gmail.com', '$2y$10$nCNOCut5AWoVCeM8uRZ7P.i9n4hv1qsWp3JMYnsHSBlFXg8YfAVUW', 'KE', '16', 0.00, 0, NULL, NULL, 'automatic', 0.00, '2025-09-09 19:18:47', NULL, 150.00, NULL, NULL, 0),
(74, 'Daddies', '0793848512', 'owenotieno952@gmail.com', '$2y$10$9R3zpKJ.btdc/fmcXdzBdej2iQUMd5qnqw7OJicz1XyZK6RsRWWb6', 'KE', '16', 0.00, 0, NULL, NULL, 'automatic', 0.00, '2025-09-10 09:23:58', NULL, 150.00, NULL, NULL, 0),
(75, 'Arnold', '0727337752', 'anolkiprotich2000@gmail.com', '$2y$10$qwUcmiDwhmivMIAVq27b8OuAboQUYaGWBkFeeOBzoUBsW5I6Pemri', 'KE', NULL, 0.00, 0, NULL, NULL, 'automatic', 0.00, '2025-09-16 09:39:36', NULL, 150.00, NULL, NULL, 0),
(76, '26304310', '708458623', 'ngenoevaline52@gmail.com', '$2y$10$bX.igEFmN/1PZOUaiAUbUOw1O7RbJR709zO.tYwXRPMYrMlQA0I2i', 'KE', NULL, 0.00, 0, NULL, NULL, 'automatic', 0.00, '2025-09-16 12:59:34', NULL, 150.00, NULL, NULL, 0),
(77, 'freddie', '0701587111', 'dennismwanza73@gmail.com', '$2y$10$4L6toMkB5wIk3ReLjGnwz.7y8v4i8U0Bgw6aDCIEF5eZ903vEkfFK', 'KE', NULL, 0.00, 0, NULL, NULL, 'automatic', 0.00, '2025-09-16 13:16:20', NULL, 150.00, NULL, NULL, 0),
(78, 'BenardKop', '710355012', 'botieeno85@gmail.com', '$2y$10$c0/aEhXDlMyM9U1IbNOxYOqwmg5KqRn8ecnSuVPYHLEFQdWtwkIVa', 'KE', NULL, 0.00, 0, NULL, NULL, 'automatic', 0.00, '2025-09-16 23:43:02', NULL, 150.00, NULL, NULL, 0),
(79, 'Keshii', '0707674156', 'puritymaina8870@gmail.com', '$2y$10$rEZQBUAI6QyY.Rqmaj/EA.l7X4zSfL9JGKLl/lD8IDCJ0xCUYTasG', 'KE', NULL, 0.00, 0, NULL, NULL, 'automatic', 0.00, '2025-09-17 11:31:01', NULL, 150.00, NULL, NULL, 0),
(80, 'lindokuhle', '0720852526', 'ntshangaselindo928@icloud.com', '$2y$10$JHmU89fo4UM2jSXvc7NQz.tFrk273Dd8.qSfnq8bOCdvv2Le6wAYC', 'ZA', NULL, 0.00, 0, NULL, NULL, 'automatic', 0.00, '2025-09-17 16:49:04', NULL, 150.00, NULL, NULL, 0),
(81, 'ORAION', '0701409971', 'muthonielsie0@gmail.com', '$2y$10$/hwEbWuX/4YxFaKkpUFEmu1a5mPzkcJ6ofzHncYQFIXw01fLppKjC', 'KE', NULL, 0.00, 0, NULL, NULL, 'automatic', 0.00, '2025-09-17 19:13:37', NULL, 150.00, NULL, NULL, 0),
(82, 'Sokhela', '768153767', 'sokhelanonduduzo@gmail.com', '$2y$10$HcaV41e7JiBSyT6l6DCbB.WDGqOeRJhBoPPOR1970Czf6DQe/66by', 'ZA', NULL, 0.00, 0, NULL, NULL, 'automatic', 0.00, '2025-09-19 05:09:14', NULL, 150.00, NULL, NULL, 0),
(83, 'thuku12', '0714273477', 'stephenthuku183@gmail.com', '$2y$10$3oLy74X9FVzNDu3LmoEN4ubXiMHqFm2kUIQjid8sVT0/RFvvHnRf6', 'KE', NULL, 0.00, 0, NULL, NULL, 'automatic', 0.00, '2025-09-24 16:43:36', NULL, 150.00, NULL, NULL, 0),
(84, 'i_am__turf', '708328260', 'blessedturf254@gmail.com', '$2y$10$i5nVxqKWTOjQlEjO5P4fuuPAOl12c/dIxB8YtySizy2z/JPvRUorO', 'KE', '16', 0.00, 0, NULL, NULL, 'automatic', 0.00, '2025-09-25 01:15:59', NULL, 150.00, NULL, NULL, 0),
(85, 'Eric', '0113584349', 'Pplumbez@gmail.com', '$2y$10$g3p9/VdJsE6h7V8bkYuocusKz6L6shQ.j1cowN7eLSqsSwnPoQ1Qy', 'KE', '16', 0.00, 0, NULL, NULL, 'automatic', 0.00, '2025-09-25 11:40:33', NULL, 150.00, NULL, NULL, 0),
(86, 'tomu', '0721799327', 'antonyhunja688@gmail.com', '$2y$10$vDNEG4JlbXuc24q7QGcvhuRjH6.kHEMvjlxluu3AX9wGnuCOpWd9a', 'KE', NULL, 0.00, 0, NULL, NULL, 'automatic', 0.00, '2025-09-25 12:20:27', NULL, 150.00, NULL, NULL, 0),
(87, 'Scamming', '120304598', 'hezbon38@gmail.com', '$2y$10$eDEke6JIZ71JJX0peb01VeBKCGYiBLkv5b5o5n09TWGEmC3JAeBIm', 'ZA', '52', 0.00, 0, NULL, NULL, 'automatic', 0.00, '2025-09-25 13:13:50', NULL, 150.00, NULL, NULL, 0),
(88, 'Ayubabdi mahat', '722897279', 'ayubmahat143@gmail.com', '$2y$10$ymBAOVvRE.EyHo3C94BZjui4BqOgPFkpsjOQ5Y./0TiR9GyNp53qC', 'KE', '16', 0.00, 0, NULL, NULL, 'automatic', 0.00, '2025-09-26 03:34:22', NULL, 150.00, NULL, NULL, 0),
(89, 'Beavon Misiani', '746439204', 'bequavoncrabkid560@gmail.com', '$2y$10$2zFpyKADnRcm7zsXUTe6yed2JeVlPweEm8EDM8MXbfVw67dpef9w2', 'KE', '16', 0.00, 0, NULL, NULL, 'automatic', 0.00, '2025-09-26 23:04:17', NULL, 150.00, NULL, NULL, 0),
(90, 'Elvo', '703105809', 'kipkuruielviskorir@gmail.com', '$2y$10$PH935aiH10FLmlXTNjSFWOSyuQ.ACRiDF3Y9i1JHJrQeoh948AkRW', 'KE', '16', 0.00, 0, NULL, NULL, 'automatic', 0.00, '2025-09-27 07:38:00', NULL, 150.00, NULL, NULL, 0),
(91, 'Rocky001', '117389751', 'muthonisharon136@gmail.com', '$2y$10$U4O6KLo5EKX2i8xY3x6J6ut4gmvCqSXJu7hK9STX3q3UaQM/HLLlm', 'KE', '16', 0.00, 0, NULL, NULL, 'automatic', 0.00, '2025-09-27 11:36:54', NULL, 150.00, NULL, NULL, 0),
(92, 'Quavon', '0707352493', 'bequavoncrabkid@gmail.com', '$2y$10$RsfcGjCSEwsAzW4iMIcwlujQwcLSI35FhdYfprSv4lvFktdnwharq', 'KE', NULL, 0.00, 0, NULL, NULL, 'automatic', 0.00, '2025-09-27 16:56:56', NULL, 150.00, NULL, NULL, 0),
(93, 'Alfa', '768799068', 'tonymusyoka99@gmail.com', '$2y$10$OP4NZUR95mehtg3QmCOgae8gDEJ5AbEXdoanMdhb/ntT4n4YafXUm', 'KE', '16', 0.00, 0, NULL, NULL, 'automatic', 0.00, '2025-09-27 21:13:29', NULL, 150.00, NULL, NULL, 0),
(94, 'David Mutinda', '0728767874', 'davidmutindamuthama2005@gmail.com', '$2y$10$vOvwQyJRyLZfKPgzkrFoJubC3hxmlDkQ6ozcGhbz/42Q1l08b7v9K', 'KE', '16', 0.00, 0, NULL, NULL, 'automatic', 0.00, '2025-09-27 21:59:56', NULL, 150.00, NULL, NULL, 0),
(95, 'brayoo19', '726112164', 'briankiptanui017@gmail.com', '$2y$10$Q8NZ4QKBpkJFUqqmLM8RvuZTZ0BfsszCqldZkGwMI7sloUdV2NkqO', 'KE', '16', 0.00, 0, NULL, NULL, 'automatic', 0.00, '2025-09-27 22:21:02', NULL, 150.00, NULL, NULL, 0),
(96, 'Samson chege muthuku', '700078828', 'muthukusamsonchege3851@gmail.com', '$2y$10$Ho8GA9bGxEcFeAAiQz0ESOmWrUl3bqu01F0nUZxAiNkN9MsjMsgBm', 'KE', '16', 0.00, 0, NULL, NULL, 'automatic', 0.00, '2025-09-28 15:39:48', NULL, 150.00, NULL, NULL, 0),
(97, 'Kinda', '0712453353', 'robertmwsngi@gmail.com', '$2y$10$r60hoxa58RILWOwZ6ftMz.gOBBfhJT2x1xY.hh0P2nmPvqs4cPVKm', 'KE', '16', 0.00, 0, NULL, NULL, 'automatic', 0.00, '2025-09-28 18:39:10', NULL, 150.00, NULL, NULL, 0),
(98, 'Dawm', '116562816', 'dawmmarvels@gmail.com', '$2y$10$o7XQ0V5cGm826NNxeu.LdeAQBpFmuk0oXnU9XOX89Y5B7YXCsuv42', 'KE', '16', 0.00, 0, NULL, NULL, 'automatic', 0.00, '2025-09-30 11:26:47', NULL, 150.00, NULL, NULL, 0),
(99, 'david', '0116562816', 'davidmahinda3@gmail.com', '$2y$10$qmeueTxOpWr.sF3kSgsOaOBWuUEnaapM58.jIZcqgYENmcH/Rnfla', 'KE', '16', 0.00, 0, NULL, NULL, 'automatic', 0.00, '2025-09-30 11:56:27', NULL, 150.00, NULL, NULL, 0),
(100, 'Weche', '748026177', 'princeweche@gmail.com', '$2y$10$v7Ltvn2AsHRavNOmq/lDGuBIJTJiLfzLTI3wJCYQVyX2hWN6wzE/m', 'KE', NULL, 0.00, 0, NULL, NULL, 'automatic', 0.00, '2025-10-01 08:43:26', NULL, 150.00, NULL, NULL, 0),
(101, 'Era', '0769324223', 'nyamburahope51@gmail.com', '$2y$10$VUlGqCeVp8Peur4B8xG1lOnm.FBu9H0FSKyIYQYwqvRW4EurhKIv2', 'KE', '16', 0.00, 0, NULL, NULL, 'automatic', 0.00, '2025-10-01 20:37:09', NULL, 150.00, NULL, NULL, 0),
(102, 'Brighton', '0706615113', 'royalbrighton001@gmail.com', '$2y$10$3GH/t.W23Fj.UgZgzraJjuSVwLXkPHvK3gmDb6Nolyq.tRNhK7Jsu', 'KE', NULL, 0.00, 0, NULL, NULL, 'automatic', 0.00, '2025-10-06 13:00:24', NULL, 150.00, NULL, NULL, 0),
(103, 'Usmanmohammed', '07067170447', 'usmanmohammedseyoji6717@gmail.com', '$2y$10$U0GEjyRePVpYM8wEW/qdsOVEYJchE1ilrS4ncNUbhZfOwVib13WhG', 'NG', NULL, 0.00, 0, NULL, NULL, 'automatic', 0.00, '2025-10-12 18:06:16', NULL, 150.00, NULL, NULL, 0),
(104, 'Kennic', '0794161848', 'kennicholas43@gmail.com', '$2y$10$ytxHNNAVerMGmnRxLNFoseZiJzJROlwqzZFKTKqtDoTbnVIIwhymC', 'KE', NULL, 0.00, 0, NULL, NULL, 'automatic', 0.00, '2025-10-12 18:33:42', NULL, 150.00, NULL, NULL, 0),
(105, 'Daveakor479', '08152133828', 'daveakor479@gmail.com', '$2y$10$W0T/JQZRH0PqQigSBtCgLOtlG5HhS5AGcigdVlEi1SuLjjiVGVNt2', 'NG', NULL, 0.00, 0, NULL, NULL, 'automatic', 0.00, '2025-10-22 22:26:24', NULL, 150.00, NULL, NULL, 0),
(106, 'Thee_Spook', '0700842726', 'irungub501@gmail.com', '$2y$10$V4cQxQE5757UnHNz3mfYk.Kga2lks1o.c.zgW0gryEOyxysneqbPS', 'KE', NULL, 0.00, 0, NULL, NULL, 'automatic', 0.00, '2025-10-27 13:06:31', NULL, 150.00, NULL, NULL, 0),
(107, 'Krish97', '0769251303', 'elishalangat97@gmail.com', '$2y$10$.OxI2sq1IhTu3IzCUBS4jObd2laqCdY1LCCbO6.mqBSsLAErce3Su', 'KE', '16', 0.00, 0, NULL, NULL, 'automatic', 0.00, '2025-10-28 08:57:45', NULL, 150.00, NULL, NULL, 0),
(108, 'hiramedson19', '700343579', 'hiramedson19@gmail.com', '$2y$10$DYAN3jTHDIZ37VLVZD71Z.fwEjy4eUUoTkb5Nho0/9EIvfII1aUyG', 'KE', NULL, 0.00, 0, NULL, NULL, 'automatic', 0.00, '2025-10-28 11:27:04', NULL, 150.00, NULL, NULL, 0),
(109, 'Ronnierex', '0795403575', 'mwangidaniel115@gmail.com', '$2y$10$/c9W2wxrDnDlmlGVahXzk.v8.l2p.XBNtGNDqo7xHgDhQvJ/YACkS', 'KE', NULL, 0.00, 0, NULL, NULL, 'automatic', 0.00, '2025-11-02 11:51:15', NULL, 150.00, NULL, NULL, 0),
(110, 'okelo0121', '0704447256', 'okelloulak2004@gmail.com', '$2y$10$IXB31d6qeaXGkZA9aF7ScePzBz2HN33qjne0fduKhrV3zvxtSyOSK', 'KE', '16', 0.00, 0, NULL, NULL, 'automatic', 0.00, '2025-11-25 23:00:01', NULL, 150.00, NULL, NULL, 0),
(111, 'Daniel Mwongela', '759018350', 'danielmwongela@gmail.com', '$2y$10$ZklJREu9YhJ.iyyYspevp.EL6XiUlL90uS7BgThfpSE3HlsJDQpI.', 'KE', '16', 0.00, 0, NULL, NULL, 'automatic', 0.00, '2025-12-01 16:21:57', NULL, 150.00, NULL, NULL, 0),
(112, 'Mshokobezi', '0736911793', 'xluyanda773@gmail.com', '$2y$10$6orWYEA2TQ9A3PAHTHYUtO/8o0D3wDJztzCzQpQb98vK65BK3zEl6', 'KE', '16', 0.00, 0, NULL, NULL, 'automatic', 0.00, '2025-12-04 15:58:47', NULL, 150.00, NULL, NULL, 0),
(113, 'joshkigs', '742868209', 'joshkigs8@gmail.com', '$2y$10$XR0getVS0d5kn/IvxUhlEuiSZEnh0nWlq2Ljc7ROskkQ5i0FwFpf2', 'KE', '16', 0.00, 0, NULL, NULL, 'automatic', 0.00, '2025-12-17 09:40:02', NULL, 150.00, NULL, NULL, 0),
(114, 'Brian Maina', '745811853', 'brianmaineh@gmail.com', '$2y$10$/NXOFfEeb3Ykm0gv8d6yhefeMmzAHYPzTrjJ.ZBz7j/veRN7l2N5.', 'KE', '16', 0.00, 0, NULL, NULL, 'automatic', 0.00, '2025-12-31 13:29:24', NULL, 150.00, NULL, NULL, 0),
(115, 'Monac', '716071905', 'kiprotiche231@gmail.com', '$2y$10$uRLjsYJGAc97/oSx.PIjYORlJ8fWRpu4IVcVu3Tw/eJU5Du0gRs0q', 'KE', '16', 0.00, 0, NULL, NULL, 'automatic', 0.00, '2025-12-31 18:02:33', NULL, 150.00, NULL, NULL, 0),
(116, 'Ruth Wambui', '0741135121', 'ruthwambui3925@gmail.com', '$2y$10$SJJ4aPVbyRkqM3KTWh62h.S67zBONEJ5PRTKgq4qIVylNQXKbvT8.', 'KE', '16', 0.00, 0, NULL, NULL, 'automatic', 0.00, '2026-01-01 10:24:59', NULL, 150.00, NULL, NULL, 0),
(117, 'Norris', '795077646', 'martinnorris2007@gmail.com', '$2y$10$KRAfy1ehJKMJv7hjVtgGseYvJHZrgr//.nTVInwm9k7nyxXWjazEq', 'KE', NULL, 0.00, 0, NULL, NULL, 'automatic', 0.00, '2026-01-02 19:33:53', NULL, 150.00, NULL, NULL, 0),
(118, 'Ndumii', '0726596491', 'info.mabuthoholdings@gmail.com', '$2y$10$TSXr.xs2f2FVK.B1ndrqP.Xe/zcRC3KoC0sATFUGNqKAwdrCADE8m', 'ZA', '16', 0.00, 0, NULL, NULL, 'automatic', 0.00, '2026-01-28 12:30:12', NULL, 150.00, NULL, NULL, 0),
(119, 'Trevis', '0728858740', 't0655707@gmail.com', '$2y$10$84h5MIN3.ftL0et/aTfp/OE4lNBnWFhS6Psy9actrrTCcU7dD3NR6', 'KE', NULL, 0.00, 0, NULL, NULL, 'automatic', 0.00, '2026-01-29 13:59:19', NULL, 150.00, NULL, NULL, 0),
(120, 'Adwet', '0791478493', 'adwetharrizon@gmail.com', '$2y$10$t5uYpkw.Q.ArjUyZ8QHd3.E6eo1eBoAKpsAzyAegr4kCMMDiem8tG', 'KE', NULL, 0.00, 0, NULL, NULL, 'automatic', 0.00, '2026-01-29 16:25:59', NULL, 150.00, NULL, NULL, 0),
(121, 'wycliffemutoro', '0700477559', 'Wmutoro83@gmail.com', '$2y$10$1xPkyCFOtPs.M/WIhuqwVuUmPmHnmrLXqG5cFrPPeVHbMwqHTwaaS', 'KE', '16', 0.00, 0, NULL, NULL, 'automatic', 0.00, '2026-01-30 11:38:25', NULL, 150.00, NULL, NULL, 0),
(122, 'Jackson Nyabuto', '706919079', 'jacksonnyabuto25@gmail.com', '$2y$10$2blrxWHTp6qDONgHr/PYqOwcDC2jdjJntuDcKRw6zIt6oqTM4mV/2', 'KE', '16', 0.00, 0, NULL, NULL, 'automatic', 0.00, '2026-01-30 12:19:30', NULL, 150.00, NULL, NULL, 0),
(123, 'Gody', '0732399677', 'godypozgodson@gmail.com', '$2y$10$0C5W1ZeEmdUF4276p20mWuC1eSp9frc2HhrgYADZjwPnxHn9lIqCm', 'KE', '16', 0.00, 0, NULL, NULL, 'automatic', 0.00, '2026-02-01 22:36:28', NULL, 150.00, NULL, NULL, 0),
(124, 'Kirimapat', '0783317619', 'patrickkirima05@gmail.com', '$2y$10$0d9Wl7ynXBX.PdO6O/U9t.8RqdBNi9xAKYoUjRl5SPTkFPL2yUzb2', 'KE', NULL, 0.00, 0, NULL, NULL, 'automatic', 0.00, '2026-02-02 14:25:26', NULL, 150.00, NULL, NULL, 0),
(125, 'Pinkyella', '188648207', 'helleniechatepa78@gmail.com', '$2y$10$o95BspVopu/5Ov.061BNjuX5B4efEFPFz93gVydgmnwQud3hrzo5u', 'KE', NULL, 0.00, 0, NULL, NULL, 'automatic', 0.00, '2026-02-05 11:16:32', NULL, 150.00, NULL, NULL, 0),
(126, 'Zakaria', '722622262', 'Atankialio@gmail.com', '$2y$10$qU/O.8Yygtz06FAqTtmYiuQ14.cOlvLy2LZV/3HS2HF8wrWWicfOC', 'KE', '16', 0.00, 0, NULL, NULL, 'automatic', 0.00, '2026-02-05 14:00:54', NULL, 150.00, NULL, NULL, 0),
(127, 'Silver018', '705477298', 'm23451jsmnp34446nplzz@gmail.com', '$2y$10$sQgZh3VgNv/whM8q3cn6YOqqCECZVYF53GzFj2oIe44e1xmAIvgY6', 'KE', '16', 0.00, 0, NULL, NULL, 'automatic', 0.00, '2026-02-05 21:32:56', NULL, 150.00, NULL, NULL, 0),
(128, 'Stellawanjiru19', '0741017851', 'wanjirustella449@gmail.com', '$2y$10$sg/ksIkzhdGU5k7FCwGwueSKL8IWuWuiVISQ9nlbXHVSFktX.qTsa', 'KE', NULL, 0.00, 0, NULL, NULL, 'automatic', 0.00, '2026-02-07 14:07:05', NULL, 150.00, NULL, NULL, 0),
(129, 'Stellawanjiru', '741017851', 'stellawanjiru448@gmail.com', '$2y$10$7ArnEn9pI5XVpvU6IP2dO.wBiV/Qog7Kb3MJMFBgfEPLadcqVn/Pm', 'KE', NULL, 0.00, 0, NULL, NULL, 'automatic', 0.00, '2026-02-07 14:22:54', NULL, 150.00, NULL, NULL, 0),
(130, 'Klever', '723639116', 'nixonklever9@gmail.com', '$2y$10$JLweJhPog.TC7QjUi30SG.uFjPBQSZvaT1rWGMs5PA6Rifk7x74eG', 'KE', '16', 0.00, 0, NULL, NULL, 'automatic', 0.00, '2026-02-07 18:40:59', NULL, 150.00, NULL, NULL, 0),
(131, 'Carlos', '0743661384', 'carlosmutugimurimi@gmail.com', '$2y$10$QJbqQXHX1hpe4yZN3apJUOLVeNqg6017rOV9GAnGDK2Kir0F.lt8y', 'KE', '16', 0.00, 0, NULL, NULL, 'automatic', 0.00, '2026-02-07 19:05:38', NULL, 150.00, NULL, NULL, 0),
(132, 'parto', '712787623', 'patrickariithi@gmail.com', '$2y$10$Wwo3jLAY.FrPKmC3uTCG0u/zpRGSnfuHaMM8w8DpOc5rR6eZHsFrK', 'KE', NULL, 0.00, 0, NULL, NULL, 'automatic', 0.00, '2026-02-07 19:33:11', NULL, 150.00, NULL, NULL, 0),
(133, 'its\'s me', '0753033619', 'mn96597006@gmail.com', '$2y$10$dOzG0qSwS70r9TEwHMk3eeFyUruoPIP2geA9vt44RM3velIS8YgoC', 'KE', '16', 0.00, 0, NULL, NULL, 'automatic', 0.00, '2026-02-08 08:55:02', NULL, 150.00, NULL, NULL, 0),
(134, 'nicokim13@gmail.com', '0742218525', 'nicokim13@gmail.com', '$2y$10$tHKEovvONSiy7xJEcAIxc.mFRSVVUftgZ/kaPayxyo0GxCaMA3y5u', 'KE', '16', 0.00, 0, NULL, NULL, 'automatic', 0.00, '2026-02-08 09:25:00', NULL, 150.00, NULL, NULL, 0),
(135, 'MZOOQA', '715597333', 'smartwiseagencies1@gmail.com', '$2y$10$xN/bJvvnMKqtNIz/CFvvaudfiFbHU6JIgDTBFIJgvjVzEeeykUqJm', 'KE', '16', 0.00, 0, NULL, NULL, 'automatic', 0.00, '2026-02-08 18:52:24', NULL, 150.00, NULL, NULL, 0),
(136, 'Musafah', '0746449775', 'musa46449775@gmail.com', '$2y$10$i13E2NfhVMbAET0IyO1y7.hS3xM7ePrZoGeRkWKOjFGHC1s6k8J2S', 'KE', '16', 0.00, 0, NULL, NULL, 'automatic', 0.00, '2026-02-08 20:01:51', NULL, 150.00, NULL, NULL, 0),
(137, '876_DERO', '711175534', 'bigogo650@gmail.com', '$2y$10$czkSKzSHoQwg3kYw6dt44u5iXVv1ISUc11DkPA/yC6oDnhdxu8nEO', 'KE', NULL, 0.00, 0, NULL, NULL, 'automatic', 0.00, '2026-02-09 07:57:47', NULL, 150.00, NULL, NULL, 0),
(138, 'Deuta', '0783139712', 'deutax27@gmail.com', '$2y$10$SCxvIAKKsUgPTWCtbNPbbuZ8W.3QcVRvYPw0.UyjtwExkdaoUl9Dq', 'KE', '16', 0.00, 0, NULL, NULL, 'automatic', 0.00, '2026-02-10 17:21:39', NULL, 150.00, NULL, NULL, 0),
(139, 'Brasil', '0790011268', 'brasilwahanda@gmail.com', '$2y$10$pv8yZsAMizESmPSecm8nOO9W8d2PpdIZXBI4tRN2e26zTJxzzp8S2', 'KE', '16', 0.00, 0, NULL, NULL, 'automatic', 0.00, '2026-02-14 19:17:51', NULL, 150.00, NULL, NULL, 0),
(140, 'Ellie', '750944455', 'elizabethmanyara466@gmail.com', '$2y$10$acdbrElpgOUIaaKHwMb2.ueDs0S6YcbLnGxHdx2MsgHEdhDnnzk0C', 'KE', '16', 0.00, 0, NULL, NULL, 'automatic', 0.00, '2026-02-15 23:42:30', NULL, 150.00, NULL, NULL, 0),
(141, 'Charlooo', '115668054', 'abdirashidhussein469@gmail.com', '$2y$10$mlZG.zGEnRJjdH/9nKc63O3./s2O.TXaDvnF1GIRcFMaTfp80goy6', 'KE', NULL, 0.00, 0, NULL, NULL, 'automatic', 0.00, '2026-02-16 05:44:06', NULL, 150.00, NULL, NULL, 0),
(142, 'Mkuru jnr', '103757938', 'gachukiastanley22@gmail.com', '$2y$10$rUTn3aXoa9tx3u26vewgb.cIVV78NNWruNJ92YAy/UczmMdDKSlcy', 'KE', NULL, 0.00, 0, NULL, NULL, 'automatic', 0.00, '2026-02-19 00:50:49', NULL, 150.00, NULL, NULL, 0);

-- --------------------------------------------------------

--
-- Table structure for table `video_views`
--

CREATE TABLE `video_views` (
  `id` int(11) NOT NULL,
  `user_id` int(11) NOT NULL,
  `video_id` int(11) NOT NULL,
  `viewed_at` timestamp NOT NULL DEFAULT current_timestamp()
) ENGINE=InnoDB DEFAULT CHARSET=utf8mb4 COLLATE=utf8mb4_general_ci;

--
-- Dumping data for table `video_views`
--

INSERT INTO `video_views` (`id`, `user_id`, `video_id`, `viewed_at`) VALUES
(5, 6, 1, '2025-06-21 17:31:08');

-- --------------------------------------------------------

--
-- Table structure for table `wallets`
--

CREATE TABLE `wallets` (
  `id` int(11) NOT NULL,
  `user_id` int(11) UNSIGNED NOT NULL,
  `starting_balance` decimal(10,2) NOT NULL DEFAULT 0.00,
  `current_balance` decimal(10,2) NOT NULL DEFAULT 0.00,
  `updated_at` datetime NOT NULL DEFAULT current_timestamp()
) ENGINE=InnoDB DEFAULT CHARSET=utf8mb4 COLLATE=utf8mb4_general_ci;

-- --------------------------------------------------------

--
-- Table structure for table `whatsapp_promos`
--

CREATE TABLE `whatsapp_promos` (
  `id` int(11) NOT NULL,
  `title` varchar(255) DEFAULT NULL,
  `image_path` varchar(255) DEFAULT NULL,
  `reward_amount` int(11) DEFAULT 0,
  `is_active` tinyint(1) DEFAULT 1,
  `created_at` timestamp NOT NULL DEFAULT current_timestamp()
) ENGINE=InnoDB DEFAULT CHARSET=utf8mb4 COLLATE=utf8mb4_general_ci;

--
-- Dumping data for table `whatsapp_promos`
--

INSERT INTO `whatsapp_promos` (`id`, `title`, `image_path`, `reward_amount`, `is_active`, `created_at`) VALUES
(1, 'Promote Earnflow Today!', 'dashboard/uploads/promos/earnflow-promo.jpg', 150, 1, '2025-06-18 17:38:04'),
(2, 'Dynance Health Camp', 'https://earnflowservices.com/admin.earnflowservices.com/uploads/whatsapp/1753956496_Frame 2.png', 150, 1, '2025-07-31 10:08:16'),
(3, 'TCMedia: Get a Website for Your Needs', 'https://earnflowservices.com/admin.earnflowservices.com/uploads/whatsapp/1753956905_TCMedia Poster.png', 150, 1, '2025-07-31 10:15:05'),
(4, 'Websites for Your needs - TCMedia', 'https://earnflowservices.com/admin.earnflowservices.com/uploads/whatsapp/1753961245_TCMedia Poster.png', 150, 1, '2025-07-31 11:27:25');

-- --------------------------------------------------------

--
-- Table structure for table `whatsapp_submissions`
--

CREATE TABLE `whatsapp_submissions` (
  `id` int(11) NOT NULL,
  `user_id` int(11) NOT NULL,
  `promo_id` int(11) NOT NULL,
  `screenshot_path` varchar(255) DEFAULT NULL,
  `status` enum('pending','approved','rejected') DEFAULT 'pending',
  `reviewed_by` int(11) DEFAULT NULL,
  `reviewed_at` timestamp NULL DEFAULT NULL,
  `created_at` timestamp NOT NULL DEFAULT current_timestamp(),
  `views` int(11) DEFAULT 0,
  `credited` tinyint(1) DEFAULT 0
) ENGINE=InnoDB DEFAULT CHARSET=utf8mb4 COLLATE=utf8mb4_general_ci;

--
-- Dumping data for table `whatsapp_submissions`
--

INSERT INTO `whatsapp_submissions` (`id`, `user_id`, `promo_id`, `screenshot_path`, `status`, `reviewed_by`, `reviewed_at`, `created_at`, `views`, `credited`) VALUES
(1, 6, 1, 'uploads/whatsapp_proofs/proof_6852faf520cef3.22890495.jpeg', 'approved', NULL, NULL, '2025-06-18 17:44:21', 0, 0),
(2, 6, 1, 'uploads/whatsapp/screenshot_1750527179_6856eccb422a1.png', 'approved', NULL, NULL, '2025-06-21 17:32:59', 0, 0),
(3, 6, 1, 'uploads/whatsapp/screenshot_1750527308_6856ed4cc889d.png', 'pending', NULL, NULL, '2025-06-21 17:35:08', 0, 0),
(4, 14, 1, 'uploads/whatsapp/screenshot_1750669532_685918dc81667.png', 'pending', NULL, NULL, '2025-06-23 09:05:32', 0, 0),
(5, 6, 1, 'uploads/whatsapp/screenshot_1750767615_685a97ff9e6fd.jpg', 'approved', NULL, NULL, '2025-06-24 12:20:15', 0, 0),
(6, 6, 1, 'uploads/whatsapp/screenshot_1750781065_685acc89edc01.jpg', 'approved', NULL, NULL, '2025-06-24 16:04:25', 0, 0),
(7, 16, 1, 'uploads/whatsapp/screenshot_1751478676_68657194712c6.jpg', 'pending', NULL, NULL, '2025-07-02 17:51:16', 0, 0),
(8, 16, 1, 'uploads/whatsapp/screenshot_1753895805_688a537d81af8.jpg', 'pending', NULL, NULL, '2025-07-30 17:16:45', 0, 0),
(9, 6, 4, 'https://earnflowservices.com/admin.earnflowservices.com/uploads/whatsapp/screenshot_1753961877_688b559538a74.jpg', 'approved', NULL, NULL, '2025-07-31 11:37:57', 3, 0),
(10, 16, 4, 'https://earnflowservices.com/admin.earnflowservices.com/uploads/whatsapp/screenshot_1758903284_68d6bbf432b6d.jpg', 'pending', NULL, NULL, '2025-09-26 16:14:44', 0, 0),
(11, 16, 4, 'https://earnflowservices.com/admin.earnflowservices.com/uploads/whatsapp/screenshot_1758959264_68d796a0c8900.jpg', 'pending', NULL, NULL, '2025-09-27 07:47:44', 0, 0);

-- --------------------------------------------------------

--
-- Table structure for table `withdrawals`
--

CREATE TABLE `withdrawals` (
  `id` int(11) UNSIGNED NOT NULL,
  `user_id` int(11) UNSIGNED NOT NULL,
  `mpesa_number` varchar(20) DEFAULT NULL,
  `amount` decimal(10,2) NOT NULL,
  `status` enum('pending','approved','rejected','') NOT NULL DEFAULT 'pending',
  `requested_at` datetime NOT NULL DEFAULT current_timestamp(),
  `processed_at` datetime DEFAULT NULL,
  `processed_by` int(11) DEFAULT NULL,
  `description` varchar(255) NOT NULL
) ENGINE=InnoDB DEFAULT CHARSET=utf8mb4 COLLATE=utf8mb4_general_ci;

--
-- Dumping data for table `withdrawals`
--

INSERT INTO `withdrawals` (`id`, `user_id`, `mpesa_number`, `amount`, `status`, `requested_at`, `processed_at`, `processed_by`, `description`) VALUES
(1, 6, '712345678', 1000.00, 'pending', '2025-06-25 19:13:19', NULL, NULL, 'Withdrawal to M-Pesa'),
(2, 6, '712345678', 1000.00, 'pending', '2025-06-25 19:13:27', NULL, NULL, 'Withdrawal to M-Pesa'),
(3, 6, '712345678', 100.00, 'pending', '2025-06-25 19:19:34', NULL, NULL, 'Withdrawal to M-Pesa'),
(4, 6, '712345678', 1000.00, 'pending', '2025-06-25 19:22:27', NULL, NULL, 'Withdrawal to M-Pesa'),
(5, 6, '712345678', 100.00, 'approved', '2025-06-25 19:24:54', '2025-06-25 19:25:11', NULL, 'Withdrawal to M-Pesa'),
(6, 6, '712345678', 100.00, 'pending', '2025-06-25 19:28:13', NULL, NULL, 'Withdrawal to M-Pesa'),
(7, 6, '712345678', 1000.00, 'pending', '2025-06-25 19:30:28', NULL, NULL, 'Withdrawal to M-Pesa'),
(8, 6, '712345678', 100.00, 'approved', '2025-06-25 19:34:05', '2025-06-25 19:46:44', NULL, 'Withdrawal to M-Pesa'),
(9, 6, '712345678', 100.00, 'rejected', '2025-06-25 19:41:14', '2025-06-25 19:42:33', NULL, 'Withdrawal to M-Pesa'),
(10, 6, '712345678', 100.00, 'approved', '2025-06-25 19:44:26', '2025-06-25 19:44:43', NULL, 'Withdrawal to M-Pesa'),
(11, 6, '712345678', 1000.00, 'pending', '2025-06-26 18:32:21', NULL, NULL, 'Withdrawal to M-Pesa'),
(12, 6, '712345678', 100.00, 'rejected', '2025-06-26 19:17:54', '2025-07-31 11:40:12', NULL, 'Withdrawal to M-Pesa'),
(13, 6, '712345678', 100.00, 'approved', '2025-06-26 19:18:02', '2025-07-31 11:40:09', NULL, 'Withdrawal to M-Pesa'),
(14, 6, '712345678', 100.00, 'approved', '2025-06-26 19:19:30', '2025-07-31 11:40:04', NULL, 'Withdrawal to M-Pesa'),
(15, 6, '712345678', 100.00, 'pending', '2025-08-18 22:11:37', NULL, NULL, 'Withdrawal to M-Pesa'),
(16, 6, '712345678', 100.00, 'pending', '2025-08-18 22:11:37', NULL, NULL, 'Withdrawal to M-Pesa'),
(17, 6, '712345678', 1000.00, 'approved', '2025-08-18 22:11:59', '2025-08-18 22:12:43', NULL, 'Withdrawal to M-Pesa'),
(18, 16, '712167745', 27000.00, 'pending', '2025-09-27 17:07:54', NULL, NULL, 'Withdrawal to M-Pesa'),
(19, 16, '712167745', 27000.00, 'pending', '2025-09-27 17:09:41', NULL, NULL, 'Withdrawal to M-Pesa'),
(20, 16, '712167745', 27.00, 'pending', '2025-09-27 17:10:00', NULL, NULL, 'Withdrawal to M-Pesa'),
(21, 16, '712167745', 27000.00, 'pending', '2025-09-27 17:10:48', NULL, NULL, 'Withdrawal to M-Pesa'),
(22, 16, '712167745', 1000.00, 'pending', '2025-09-28 02:02:42', NULL, NULL, 'Withdrawal to M-Pesa'),
(23, 16, '712167745', 50000.00, 'pending', '2025-09-28 02:03:03', NULL, NULL, 'Withdrawal to M-Pesa'),
(24, 16, '712167745', 100000.00, 'pending', '2025-11-30 11:36:50', NULL, NULL, 'Withdrawal to M-Pesa'),
(25, 16, '712167745', 16000.00, 'pending', '2025-11-30 13:25:19', NULL, NULL, 'Withdrawal to M-Pesa'),
(26, 16, '712167745', 34250.00, 'pending', '2025-12-31 16:15:06', NULL, NULL, 'Withdrawal to M-Pesa'),
(27, 16, '712167745', 34500.00, 'pending', '2025-12-31 16:17:29', NULL, NULL, 'Withdrawal to M-Pesa'),
(28, 16, '712167745', 50000.00, 'pending', '2026-02-07 17:29:37', NULL, NULL, 'Withdrawal to M-Pesa');

--
-- Indexes for dumped tables
--

--
-- Indexes for table `admin`
--
ALTER TABLE `admin`
  ADD PRIMARY KEY (`id`);

--
-- Indexes for table `ad_likes`
--
ALTER TABLE `ad_likes`
  ADD PRIMARY KEY (`id`);

--
-- Indexes for table `game_history`
--
ALTER TABLE `game_history`
  ADD PRIMARY KEY (`id`),
  ADD KEY `user_id` (`user_id`);

--
-- Indexes for table `like_ads`
--
ALTER TABLE `like_ads`
  ADD PRIMARY KEY (`id`);

--
-- Indexes for table `referals`
--
ALTER TABLE `referals`
  ADD PRIMARY KEY (`id`),
  ADD KEY `referred_id` (`referred_id`),
  ADD KEY `referrer_id` (`referrer_id`);

--
-- Indexes for table `reward_videos`
--
ALTER TABLE `reward_videos`
  ADD PRIMARY KEY (`id`);

--
-- Indexes for table `transactions`
--
ALTER TABLE `transactions`
  ADD PRIMARY KEY (`id`),
  ADD KEY `transactions_ibfk_1` (`user_id`);

--
-- Indexes for table `trivia_attempts`
--
ALTER TABLE `trivia_attempts`
  ADD PRIMARY KEY (`id`),
  ADD KEY `question_id` (`question_id`),
  ADD KEY `user_id` (`user_id`);

--
-- Indexes for table `trivia_questions`
--
ALTER TABLE `trivia_questions`
  ADD PRIMARY KEY (`id`);

--
-- Indexes for table `users`
--
ALTER TABLE `users`
  ADD PRIMARY KEY (`id`),
  ADD UNIQUE KEY `unique_username` (`username`),
  ADD UNIQUE KEY `unique_phone` (`phone`);

--
-- Indexes for table `video_views`
--
ALTER TABLE `video_views`
  ADD PRIMARY KEY (`id`);

--
-- Indexes for table `wallets`
--
ALTER TABLE `wallets`
  ADD PRIMARY KEY (`id`),
  ADD KEY `user_id` (`user_id`);

--
-- Indexes for table `whatsapp_promos`
--
ALTER TABLE `whatsapp_promos`
  ADD PRIMARY KEY (`id`);

--
-- Indexes for table `whatsapp_submissions`
--
ALTER TABLE `whatsapp_submissions`
  ADD PRIMARY KEY (`id`);

--
-- Indexes for table `withdrawals`
--
ALTER TABLE `withdrawals`
  ADD PRIMARY KEY (`id`);

--
-- AUTO_INCREMENT for dumped tables
--

--
-- AUTO_INCREMENT for table `admin`
--
ALTER TABLE `admin`
  MODIFY `id` int(11) UNSIGNED NOT NULL AUTO_INCREMENT, AUTO_INCREMENT=4;

--
-- AUTO_INCREMENT for table `ad_likes`
--
ALTER TABLE `ad_likes`
  MODIFY `id` int(11) NOT NULL AUTO_INCREMENT, AUTO_INCREMENT=5;

--
-- AUTO_INCREMENT for table `game_history`
--
ALTER TABLE `game_history`
  MODIFY `id` int(11) NOT NULL AUTO_INCREMENT, AUTO_INCREMENT=1039;

--
-- AUTO_INCREMENT for table `like_ads`
--
ALTER TABLE `like_ads`
  MODIFY `id` int(11) NOT NULL AUTO_INCREMENT, AUTO_INCREMENT=4;

--
-- AUTO_INCREMENT for table `referals`
--
ALTER TABLE `referals`
  MODIFY `id` int(11) NOT NULL AUTO_INCREMENT, AUTO_INCREMENT=82;

--
-- AUTO_INCREMENT for table `reward_videos`
--
ALTER TABLE `reward_videos`
  MODIFY `id` int(11) NOT NULL AUTO_INCREMENT, AUTO_INCREMENT=9;

--
-- AUTO_INCREMENT for table `transactions`
--
ALTER TABLE `transactions`
  MODIFY `id` int(11) NOT NULL AUTO_INCREMENT, AUTO_INCREMENT=1199;

--
-- AUTO_INCREMENT for table `trivia_attempts`
--
ALTER TABLE `trivia_attempts`
  MODIFY `id` int(11) NOT NULL AUTO_INCREMENT, AUTO_INCREMENT=5;

--
-- AUTO_INCREMENT for table `trivia_questions`
--
ALTER TABLE `trivia_questions`
  MODIFY `id` int(11) NOT NULL AUTO_INCREMENT, AUTO_INCREMENT=10;

--
-- AUTO_INCREMENT for table `users`
--
ALTER TABLE `users`
  MODIFY `id` int(11) UNSIGNED NOT NULL AUTO_INCREMENT, AUTO_INCREMENT=143;

--
-- AUTO_INCREMENT for table `video_views`
--
ALTER TABLE `video_views`
  MODIFY `id` int(11) NOT NULL AUTO_INCREMENT, AUTO_INCREMENT=6;

--
-- AUTO_INCREMENT for table `wallets`
--
ALTER TABLE `wallets`
  MODIFY `id` int(11) NOT NULL AUTO_INCREMENT;

--
-- AUTO_INCREMENT for table `whatsapp_promos`
--
ALTER TABLE `whatsapp_promos`
  MODIFY `id` int(11) NOT NULL AUTO_INCREMENT, AUTO_INCREMENT=5;

--
-- AUTO_INCREMENT for table `whatsapp_submissions`
--
ALTER TABLE `whatsapp_submissions`
  MODIFY `id` int(11) NOT NULL AUTO_INCREMENT, AUTO_INCREMENT=12;

--
-- AUTO_INCREMENT for table `withdrawals`
--
ALTER TABLE `withdrawals`
  MODIFY `id` int(11) UNSIGNED NOT NULL AUTO_INCREMENT, AUTO_INCREMENT=29;

--
-- Constraints for dumped tables
--

--
-- Constraints for table `game_history`
--
ALTER TABLE `game_history`
  ADD CONSTRAINT `game_history_ibfk_1` FOREIGN KEY (`user_id`) REFERENCES `users` (`id`);

--
-- Constraints for table `referals`
--
ALTER TABLE `referals`
  ADD CONSTRAINT `referals_ibfk_2` FOREIGN KEY (`referred_id`) REFERENCES `users` (`id`),
  ADD CONSTRAINT `referals_ibfk_3` FOREIGN KEY (`referrer_id`) REFERENCES `users` (`id`);

--
-- Constraints for table `transactions`
--
ALTER TABLE `transactions`
  ADD CONSTRAINT `transactions_ibfk_1` FOREIGN KEY (`user_id`) REFERENCES `users` (`id`) ON DELETE CASCADE;

--
-- Constraints for table `trivia_attempts`
--
ALTER TABLE `trivia_attempts`
  ADD CONSTRAINT `trivia_attempts_ibfk_1` FOREIGN KEY (`question_id`) REFERENCES `trivia_questions` (`id`) ON UPDATE CASCADE,
  ADD CONSTRAINT `trivia_attempts_ibfk_2` FOREIGN KEY (`user_id`) REFERENCES `users` (`id`);

--
-- Constraints for table `wallets`
--
ALTER TABLE `wallets`
  ADD CONSTRAINT `wallets_ibfk_1` FOREIGN KEY (`user_id`) REFERENCES `users` (`id`) ON DELETE CASCADE;
COMMIT;

/*!40101 SET CHARACTER_SET_CLIENT=@OLD_CHARACTER_SET_CLIENT */;
/*!40101 SET CHARACTER_SET_RESULTS=@OLD_CHARACTER_SET_RESULTS */;
/*!40101 SET COLLATION_CONNECTION=@OLD_COLLATION_CONNECTION */;